2453796.55770	11.011000	0.006000		V	DKS		12		GSC	ERR: 0.006, COMP=GSC 5482-1347	No		G				VX HYA		STD		
2453796.55910	11.007000	0.006000		V	DKS		12		GSC	ERR: 0.006, COMP=GSC 5482-1347	No		G				VX HYA		STD		
2453796.56050	11.040000	0.006000		V	DKS		12		GSC	ERR: 0.006, COMP=GSC 5482-1347	No		G				VX HYA		STD		
2453796.56190	11.033000	0.006000		V	DKS		12		GSC	ERR: 0.006, COMP=GSC 5482-1347	No		G				VX HYA		STD		
2453796.56330	11.044000	0.006000		V	DKS		12		GSC	ERR: 0.006, COMP=GSC 5482-1347	No		G				VX HYA		STD		
2453796.56480	11.058000	0.006000		V	DKS		12		GSC	ERR: 0.006, COMP=GSC 5482-1347	No		G				VX HYA		STD		
2453796.56620	11.067000	0.006000		V	DKS		12		GSC	ERR: 0.006, COMP=GSC 5482-1347	No		G				VX HYA		STD		
2453796.56760	11.066000	0.006000		V	DKS		12		GSC	ERR: 0.006, COMP=GSC 5482-1347	No		G				VX HYA		STD		
2453796.56900	11.093000	0.006000		V	DKS		12		GSC	ERR: 0.006, COMP=GSC 5482-1347	No		G				VX HYA		STD		
2453796.57040	11.079000	0.006000		V	DKS		12		GSC	ERR: 0.006, COMP=GSC 5482-1347	No		G				VX HYA		STD		
2453796.57180	11.074000	0.006000		V	DKS		12		GSC	ERR: 0.006, COMP=GSC 5482-1347	No		G				VX HYA		STD		
2453796.57330	11.088000	0.006000		V	DKS		12		GSC	ERR: 0.006, COMP=GSC 5482-1347	No		G				VX HYA		STD		
2453796.57470	11.097000	0.006000		V	DKS		12		GSC	ERR: 0.006, COMP=GSC 5482-1347	No		G				VX HYA		STD		
2453796.57610	11.096000	0.006000		V	DKS		12		GSC	ERR: 0.006, COMP=GSC 5482-1347	No		G				VX HYA		STD		
2453796.57750	11.092000	0.006000		V	DKS		12		GSC	ERR: 0.006, COMP=GSC 5482-1347	No		G				VX HYA		STD		
2453796.57890	11.097000	0.006000		V	DKS		12		GSC	ERR: 0.006, COMP=GSC 5482-1347	No		G				VX HYA		STD		
2453796.58040	11.092000	0.006000		V	DKS		12		GSC	ERR: 0.006, COMP=GSC 5482-1347	No		G				VX HYA		STD		
2453796.58180	11.105000	0.006000		V	DKS		12		GSC	ERR: 0.006, COMP=GSC 5482-1347	No		G				VX HYA		STD		
2453796.58320	11.096000	0.006000		V	DKS		12		GSC	ERR: 0.006, COMP=GSC 5482-1347	No		G				VX HYA		STD		
2453796.58460	11.117000	0.006000		V	DKS		12		GSC	ERR: 0.006, COMP=GSC 5482-1347	No		G				VX HYA		STD		
2453796.58600	11.112000	0.006000		V	DKS		12		GSC	ERR: 0.006, COMP=GSC 5482-1347	No		G				VX HYA		STD		
2453796.58740	11.116000	0.006000		V	DKS		12		GSC	ERR: 0.006, COMP=GSC 5482-1347	No		G				VX HYA		STD		
2453796.58890	11.122000	0.006000		V	DKS		12		GSC	ERR: 0.006, COMP=GSC 5482-1347	No		G				VX HYA		STD		
2453796.59030	11.113000	0.006000		V	DKS		12		GSC	ERR: 0.006, COMP=GSC 5482-1347	No		G				VX HYA		STD		
2453796.59170	11.122000	0.006000		V	DKS		12		GSC	ERR: 0.006, COMP=GSC 5482-1347	No		G				VX HYA		STD		
2453796.59310	11.115000	0.006000		V	DKS		12		GSC	ERR: 0.006, COMP=GSC 5482-1347	No		G				VX HYA		STD		
2453796.59450	11.127000	0.006000		V	DKS		12		GSC	ERR: 0.006, COMP=GSC 5482-1347	No		G				VX HYA		STD		
2453796.59590	11.130000	0.006000		V	DKS		12		GSC	ERR: 0.006, COMP=GSC 5482-1347	No		G				VX HYA		STD		
2453796.59740	11.133000	0.006000		V	DKS		12		GSC	ERR: 0.006, COMP=GSC 5482-1347	No		G				VX HYA		STD		
2453796.59880	11.131000	0.006000		V	DKS		12		GSC	ERR: 0.006, COMP=GSC 5482-1347	No		G				VX HYA		STD		
2453796.60020	11.131000	0.006000		V	DKS		12		GSC	ERR: 0.006, COMP=GSC 5482-1347	No		G				VX HYA		STD		
2453796.60160	11.125000	0.006000		V	DKS		12		GSC	ERR: 0.006, COMP=GSC 5482-1347	No		G				VX HYA		STD		
2453796.60300	11.132000	0.006000		V	DKS		12		GSC	ERR: 0.006, COMP=GSC 5482-1347	No		G				VX HYA		STD		
2453796.60450	11.133000	0.006000		V	DKS		12		GSC	ERR: 0.006, COMP=GSC 5482-1347	No		G				VX HYA		STD		
2453796.60590	11.124000	0.006000		V	DKS		12		GSC	ERR: 0.006, COMP=GSC 5482-1347	No		G				VX HYA		STD		
2453796.60730	11.132000	0.006000		V	DKS		12		GSC	ERR: 0.006, COMP=GSC 5482-1347	No		G				VX HYA		STD		
2453796.60870	11.139000	0.006000		V	DKS		12		GSC	ERR: 0.006, COMP=GSC 5482-1347	No		G				VX HYA		STD		
2453796.61010	11.150000	0.006000		V	DKS		12		GSC	ERR: 0.006, COMP=GSC 5482-1347	No		G				VX HYA		STD		
2453796.61150	11.149000	0.006000		V	DKS		12		GSC	ERR: 0.006, COMP=GSC 5482-1347	No		G				VX HYA		STD		
2453796.61300	11.159000	0.006000		V	DKS		12		GSC	ERR: 0.006, COMP=GSC 5482-1347	No		G				VX HYA		STD		
2453796.61440	11.168000	0.006000		V	DKS		12		GSC	ERR: 0.006, COMP=GSC 5482-1347	No		G				VX HYA		STD		
2453796.61580	11.169000	0.006000		V	DKS		12		GSC	ERR: 0.006, COMP=GSC 5482-1347	No		G				VX HYA		STD		
2453796.61720	11.166000	0.006000		V	DKS		12		GSC	ERR: 0.006, COMP=GSC 5482-1347	No		G				VX HYA		STD		
2453796.61860	11.178000	0.006000		V	DKS		12		GSC	ERR: 0.006, COMP=GSC 5482-1347	No		G				VX HYA		STD		
2453796.62000	11.187000	0.006000		V	DKS		12		GSC	ERR: 0.006, COMP=GSC 5482-1347	No		G				VX HYA		STD		
2453796.62150	11.171000	0.006000		V	DKS		12		GSC	ERR: 0.006, COMP=GSC 5482-1347	No		G				VX HYA		STD		
2453796.62290	11.180000	0.006000		V	DKS		12		GSC	ERR: 0.006, COMP=GSC 5482-1347	No		G				VX HYA		STD		
2453796.62430	11.200000	0.006000		V	DKS		12		GSC	ERR: 0.006, COMP=GSC 5482-1347	No		G				VX HYA		STD		
2453796.62570	11.194000	0.006000		V	DKS		12		GSC	ERR: 0.006, COMP=GSC 5482-1347	No		G				VX HYA		STD		
2453796.62710	11.203000	0.006000		V	DKS		12		GSC	ERR: 0.006, COMP=GSC 5482-1347	No		G				VX HYA		STD		
2453796.62850	11.223000	0.006000		V	DKS		12		GSC	ERR: 0.006, COMP=GSC 5482-1347	No		G				VX HYA		STD		
2453796.63000	11.216000	0.006000		V	DKS		12		GSC	ERR: 0.006, COMP=GSC 5482-1347	No		G				VX HYA		STD		
2453796.63140	11.220000	0.006000		V	DKS		12		GSC	ERR: 0.006, COMP=GSC 5482-1347	No		G				VX HYA		STD		
2453796.63280	11.218000	0.006000		V	DKS		12		GSC	ERR: 0.006, COMP=GSC 5482-1347	No		G				VX HYA		STD		
2453796.63420	11.236000	0.006000		V	DKS		12		GSC	ERR: 0.006, COMP=GSC 5482-1347	No		G				VX HYA		STD		
2453796.63560	11.229000	0.006000		V	DKS		12		GSC	ERR: 0.006, COMP=GSC 5482-1347	No		G				VX HYA		STD		
2453796.63710	11.237000	0.006000		V	DKS		12		GSC	ERR: 0.006, COMP=GSC 5482-1347	No		G				VX HYA		STD		
2453796.63850	11.241000	0.006000		V	DKS		12		GSC	ERR: 0.006, COMP=GSC 5482-1347	No		G				VX HYA		STD		
2453796.63990	11.259000	0.006000		V	DKS		12		GSC	ERR: 0.006, COMP=GSC 5482-1347	No		G				VX HYA		STD		
2453796.64130	11.257000	0.006000		V	DKS		12		GSC	ERR: 0.006, COMP=GSC 5482-1347	No		G				VX HYA		STD		
2453796.64270	11.259000	0.006000		V	DKS		12		GSC	ERR: 0.006, COMP=GSC 5482-1347	No		G				VX HYA		STD		
2453796.64420	11.261000	0.006000		V	DKS		12		GSC	ERR: 0.006, COMP=GSC 5482-1347	No		G				VX HYA		STD		
2453796.64560	11.258000	0.006000		V	DKS		12		GSC	ERR: 0.006, COMP=GSC 5482-1347	No		G				VX HYA		STD		
2453796.64700	11.276000	0.006000		V	DKS		12		GSC	ERR: 0.006, COMP=GSC 5482-1347	No		G				VX HYA		STD		
2453796.64840	11.271000	0.006000		V	DKS		12		GSC	ERR: 0.006, COMP=GSC 5482-1347	No		G				VX HYA		STD		
2453796.64980	11.269000	0.006000		V	DKS		12		GSC	ERR: 0.006, COMP=GSC 5482-1347	No		G				VX HYA		STD		
2453796.65120	11.282000	0.006000		V	DKS		12		GSC	ERR: 0.006, COMP=GSC 5482-1347	No		G				VX HYA		STD		
2453796.65270	11.280000	0.006000		V	DKS		12		GSC	ERR: 0.006, COMP=GSC 5482-1347	No		G				VX HYA		STD		
2453796.65410	11.279000	0.006000		V	DKS		12		GSC	ERR: 0.006, COMP=GSC 5482-1347	No		G				VX HYA		STD		
2453796.65550	11.280000	0.006000		V	DKS		12		GSC	ERR: 0.006, COMP=GSC 5482-1347	No		G				VX HYA		STD		
2453796.65690	11.277000	0.006000		V	DKS		12		GSC	ERR: 0.006, COMP=GSC 5482-1347	No		G				VX HYA		STD		
2453796.65830	11.282000	0.006000		V	DKS		12		GSC	ERR: 0.006, COMP=GSC 5482-1347	No		G				VX HYA		STD		
2453796.65970	11.295000	0.006000		V	DKS		12		GSC	ERR: 0.006, COMP=GSC 5482-1347	No		G				VX HYA		STD		
2453796.66120	11.286000	0.006000		V	DKS		12		GSC	ERR: 0.006, COMP=GSC 5482-1347	No		G				VX HYA		STD		
2453796.66260	11.287000	0.006000		V	DKS		12		GSC	ERR: 0.006, COMP=GSC 5482-1347	No		G				VX HYA		STD		
2453796.66400	11.289000	0.006000		V	DKS		12		GSC	ERR: 0.006, COMP=GSC 5482-1347	No		G				VX HYA		STD		
2453796.66540	11.288000	0.006000		V	DKS		12		GSC	ERR: 0.006, COMP=GSC 5482-1347	No		G				VX HYA		STD		
2453796.66680	11.286000	0.006000		V	DKS		12		GSC	ERR: 0.006, COMP=GSC 5482-1347	No		G				VX HYA		STD		
2453796.66820	11.281000	0.006000		V	DKS		12		GSC	ERR: 0.006, COMP=GSC 5482-1347	No		G				VX HYA		STD		
2453796.66970	11.275000	0.006000		V	DKS		12		GSC	ERR: 0.006, COMP=GSC 5482-1347	No		G				VX HYA		STD		
2453796.67110	11.263000	0.006000		V	DKS		12		GSC	ERR: 0.006, COMP=GSC 5482-1347	No		G				VX HYA		STD		
2453796.67250	11.259000	0.006000		V	DKS		12		GSC	ERR: 0.006, COMP=GSC 5482-1347	No		G				VX HYA		STD		
2453796.67390	11.256000	0.006000		V	DKS		12		GSC	ERR: 0.006, COMP=GSC 5482-1347	No		G				VX HYA		STD		
2453796.67530	11.236000	0.006000		V	DKS		12		GSC	ERR: 0.006, COMP=GSC 5482-1347	No		G				VX HYA		STD		
2453796.67680	11.239000	0.006000		V	DKS		12		GSC	ERR: 0.006, COMP=GSC 5482-1347	No		G				VX HYA		STD		
2453796.67820	11.229000	0.006000		V	DKS		12		GSC	ERR: 0.006, COMP=GSC 5482-1347	No		G				VX HYA		STD		
2453796.67960	11.204000	0.006000		V	DKS		12		GSC	ERR: 0.006, COMP=GSC 5482-1347	No		G				VX HYA		STD		
2453796.68100	11.199000	0.006000		V	DKS		12		GSC	ERR: 0.006, COMP=GSC 5482-1347	No		G				VX HYA		STD		
2453796.68240	11.187000	0.006000		V	DKS		12		GSC	ERR: 0.006, COMP=GSC 5482-1347	No		G				VX HYA		STD		
2453796.68390	11.162000	0.006000		V	DKS		12		GSC	ERR: 0.006, COMP=GSC 5482-1347	No		G				VX HYA		STD		
2453796.68530	11.153000	0.006000		V	DKS		12		GSC	ERR: 0.006, COMP=GSC 5482-1347	No		G				VX HYA		STD		
2453796.68670	11.134000	0.006000		V	DKS		12		GSC	ERR: 0.006, COMP=GSC 5482-1347	No		G				VX HYA		STD		
2453796.68810	11.110000	0.006000		V	DKS		12		GSC	ERR: 0.006, COMP=GSC 5482-1347	No		G				VX HYA		STD		
2453796.68950	11.099000	0.006000		V	DKS		12		GSC	ERR: 0.006, COMP=GSC 5482-1347	No		G				VX HYA		STD		
2453796.69090	11.061000	0.006000		V	DKS		12		GSC	ERR: 0.006, COMP=GSC 5482-1347	No		G				VX HYA		STD		
2453796.69240	11.055000	0.006000		V	DKS		12		GSC	ERR: 0.006, COMP=GSC 5482-1347	No		G				VX HYA		STD		
2453796.69380	11.028000	0.006000		V	DKS		12		GSC	ERR: 0.006, COMP=GSC 5482-1347	No		G				VX HYA		STD		
2453796.69520	10.991000	0.006000		V	DKS		12		GSC	ERR: 0.006, COMP=GSC 5482-1347	No		G				VX HYA		STD		
2453796.69660	10.981000	0.006000		V	DKS		12		GSC	ERR: 0.006, COMP=GSC 5482-1347	No		G				VX HYA		STD		
2453796.69800	10.955000	0.006000		V	DKS		12		GSC	ERR: 0.006, COMP=GSC 5482-1347	No		G				VX HYA		STD		
2453796.69940	10.931000	0.006000		V	DKS		12		GSC	ERR: 0.006, COMP=GSC 5482-1347	No		G				VX HYA		STD		
2453796.70090	10.903000	0.006000		V	DKS		12		GSC	ERR: 0.006, COMP=GSC 5482-1347	No		G				VX HYA		STD		
2453796.70230	10.865000	0.006000		V	DKS		12		GSC	ERR: 0.006, COMP=GSC 5482-1347	No		G				VX HYA		STD		
2453796.70370	10.836000	0.006000		V	DKS		12		GSC	ERR: 0.006, COMP=GSC 5482-1347	No		G				VX HYA		STD		
2453796.70510	10.796000	0.006000		V	DKS		12		GSC	ERR: 0.006, COMP=GSC 5482-1347	No		G				VX HYA		STD		
2453796.70650	10.763000	0.006000		V	DKS		12		GSC	ERR: 0.006, COMP=GSC 5482-1347	No		G				VX HYA		STD		
2453796.70790	10.730000	0.006000		V	DKS		12		GSC	ERR: 0.006, COMP=GSC 5482-1347	No		G				VX HYA		STD		
2453796.70940	10.698000	0.006000		V	DKS		12		GSC	ERR: 0.006, COMP=GSC 5482-1347	No		G				VX HYA		STD		
2453796.71080	10.665000	0.006000		V	DKS		12		GSC	ERR: 0.006, COMP=GSC 5482-1347	No		G				VX HYA		STD		
2453796.71220	10.657000	0.006000		V	DKS		12		GSC	ERR: 0.006, COMP=GSC 5482-1347	No		G				VX HYA		STD		
2453796.71360	10.652000	0.006000		V	DKS		12		GSC	ERR: 0.006, COMP=GSC 5482-1347	No		G				VX HYA		STD		
2453796.71500	10.643000	0.006000		V	DKS		12		GSC	ERR: 0.006, COMP=GSC 5482-1347	No		G				VX HYA		STD		
2453796.71650	10.647000	0.006000		V	DKS		12		GSC	ERR: 0.006, COMP=GSC 5482-1347	No		G				VX HYA		STD		
2453796.71790	10.634000	0.006000		V	DKS		12		GSC	ERR: 0.006, COMP=GSC 5482-1347	No		G				VX HYA		STD		
2453796.71930	10.642000	0.006000		V	DKS		12		GSC	ERR: 0.006, COMP=GSC 5482-1347	No		G				VX HYA		STD		
2453796.72070	10.640000	0.006000		V	DKS		12		GSC	ERR: 0.006, COMP=GSC 5482-1347	No		G				VX HYA		STD		
2453796.72210	10.651000	0.006000		V	DKS		12		GSC	ERR: 0.006, COMP=GSC 5482-1347	No		G				VX HYA		STD		
2453796.72350	10.665000	0.006000		V	DKS		12		GSC	ERR: 0.006, COMP=GSC 5482-1347	No		G				VX HYA		STD		
2453796.72500	10.671000	0.006000		V	DKS		12		GSC	ERR: 0.006, COMP=GSC 5482-1347	No		G				VX HYA		STD		
2453796.72640	10.687000	0.006000		V	DKS		12		GSC	ERR: 0.006, COMP=GSC 5482-1347	No		G				VX HYA		STD		
2453796.72780	10.692000	0.006000		V	DKS		12		GSC	ERR: 0.006, COMP=GSC 5482-1347	No		G				VX HYA		STD		
2453796.72920	10.711000	0.006000		V	DKS		12		GSC	ERR: 0.006, COMP=GSC 5482-1347	No		G				VX HYA		STD		
2453796.73060	10.724000	0.006000		V	DKS		12		GSC	ERR: 0.006, COMP=GSC 5482-1347	No		G				VX HYA		STD		
2453796.73200	10.736000	0.006000		V	DKS		12		GSC	ERR: 0.006, COMP=GSC 5482-1347	No		G				VX HYA		STD		
2453796.73350	10.745000	0.006000		V	DKS		12		GSC	ERR: 0.006, COMP=GSC 5482-1347	No		G				VX HYA		STD		
2453796.73490	10.762000	0.006000		V	DKS		12		GSC	ERR: 0.006, COMP=GSC 5482-1347	No		G				VX HYA		STD		
2453796.73630	10.771000	0.006000		V	DKS		12		GSC	ERR: 0.006, COMP=GSC 5482-1347	No		G				VX HYA		STD		
2453796.73770	10.784000	0.006000		V	DKS		12		GSC	ERR: 0.006, COMP=GSC 5482-1347	No		G				VX HYA		STD		
2453796.73910	10.799000	0.006000		V	DKS		12		GSC	ERR: 0.006, COMP=GSC 5482-1347	No		G				VX HYA		STD		
2453796.74060	10.794000	0.006000		V	DKS		12		GSC	ERR: 0.006, COMP=GSC 5482-1347	No		G				VX HYA		STD		
2453796.74200	10.814000	0.006000		V	DKS		12		GSC	ERR: 0.006, COMP=GSC 5482-1347	No		G				VX HYA		STD		
2453796.74340	10.829000	0.006000		V	DKS		12		GSC	ERR: 0.006, COMP=GSC 5482-1347	No		G				VX HYA		STD		
2453796.74480	10.849000	0.006000		V	DKS		12		GSC	ERR: 0.006, COMP=GSC 5482-1347	No		G				VX HYA		STD		
2453796.74620	10.846000	0.006000		V	DKS		12		GSC	ERR: 0.006, COMP=GSC 5482-1347	No		G				VX HYA		STD		
2453796.74760	10.860000	0.006000		V	DKS		12		GSC	ERR: 0.006, COMP=GSC 5482-1347	No		G				VX HYA		STD		
2453796.74910	10.875000	0.006000		V	DKS		12		GSC	ERR: 0.006, COMP=GSC 5482-1347	No		G				VX HYA		STD		
2453796.75060	10.902000	0.006000		V	DKS		12		GSC	ERR: 0.006, COMP=GSC 5482-1347	No		G				VX HYA		STD		
2453796.75200	10.918000	0.006000		V	DKS		12		GSC	ERR: 0.006, COMP=GSC 5482-1347	No		G				VX HYA		STD		
2453796.75340	10.921000	0.006000		V	DKS		12		GSC	ERR: 0.006, COMP=GSC 5482-1347	No		G				VX HYA		STD		
2453796.75490	10.940000	0.006000		V	DKS		12		GSC	ERR: 0.006, COMP=GSC 5482-1347	No		G				VX HYA		STD		
2453796.75630	10.952000	0.006000		V	DKS		12		GSC	ERR: 0.006, COMP=GSC 5482-1347	No		G				VX HYA		STD		
2453796.75770	10.957000	0.006000		V	DKS		12		GSC	ERR: 0.006, COMP=GSC 5482-1347	No		G				VX HYA		STD		
2453796.75910	10.969000	0.006000		V	DKS		12		GSC	ERR: 0.006, COMP=GSC 5482-1347	No		G				VX HYA		STD		
2453796.76050	10.981000	0.006000		V	DKS		12		GSC	ERR: 0.006, COMP=GSC 5482-1347	No		G				VX HYA		STD		
2453796.76190	10.994000	0.006000		V	DKS		12		GSC	ERR: 0.006, COMP=GSC 5482-1347	No		G				VX HYA		STD		
2453796.76340	10.997000	0.006000		V	DKS		12		GSC	ERR: 0.006, COMP=GSC 5482-1347	No		G				VX HYA		STD		
2453796.76480	11.008000	0.006000		V	DKS		12		GSC	ERR: 0.006, COMP=GSC 5482-1347	No		G				VX HYA		STD		
2453796.76620	11.015000	0.006000		V	DKS		12		GSC	ERR: 0.006, COMP=GSC 5482-1347	No		G				VX HYA		STD		
2453796.76760	11.015000	0.006000		V	DKS		12		GSC	ERR: 0.006, COMP=GSC 5482-1347	No		G				VX HYA		STD		
2453796.76900	11.035000	0.006000		V	DKS		12		GSC	ERR: 0.006, COMP=GSC 5482-1347	No		G				VX HYA		STD		
2453796.77040	11.042000	0.006000		V	DKS		12		GSC	ERR: 0.006, COMP=GSC 5482-1347	No		G				VX HYA		STD		
2453796.77190	11.046000	0.006000		V	DKS		12		GSC	ERR: 0.006, COMP=GSC 5482-1347	No		G				VX HYA		STD		
2453796.77330	11.059000	0.006000		V	DKS		12		GSC	ERR: 0.006, COMP=GSC 5482-1347	No		G				VX HYA		STD		
2453796.77470	11.057000	0.006000		V	DKS		12		GSC	ERR: 0.006, COMP=GSC 5482-1347	No		G				VX HYA		STD		
2453796.77610	11.066000	0.006000		V	DKS		12		GSC	ERR: 0.006, COMP=GSC 5482-1347	No		G				VX HYA		STD		
2453796.77750	11.069000	0.006000		V	DKS		12		GSC	ERR: 0.006, COMP=GSC 5482-1347	No		G				VX HYA		STD		
2453796.77900	11.074000	0.006000		V	DKS		12		GSC	ERR: 0.006, COMP=GSC 5482-1347	No		G				VX HYA		STD		
2453796.78040	11.084000	0.006000		V	DKS		12		GSC	ERR: 0.006, COMP=GSC 5482-1347	No		G				VX HYA		STD		
2453796.78180	11.090000	0.006000		V	DKS		12		GSC	ERR: 0.006, COMP=GSC 5482-1347	No		G				VX HYA		STD		
2453796.78320	11.101000	0.006000		V	DKS		12		GSC	ERR: 0.006, COMP=GSC 5482-1347	No		G				VX HYA		STD		
2453796.78460	11.097000	0.006000		V	DKS		12		GSC	ERR: 0.006, COMP=GSC 5482-1347	No		G				VX HYA		STD		
2453796.78600	11.107000	0.006000		V	DKS		12		GSC	ERR: 0.006, COMP=GSC 5482-1347	No		G				VX HYA		STD		
2453796.78750	11.112000	0.006000		V	DKS		12		GSC	ERR: 0.006, COMP=GSC 5482-1347	No		G				VX HYA		STD		
2453796.78890	11.109000	0.006000		V	DKS		12		GSC	ERR: 0.006, COMP=GSC 5482-1347	No		G				VX HYA		STD		
2453796.79030	11.109000	0.006000		V	DKS		12		GSC	ERR: 0.006, COMP=GSC 5482-1347	No		G				VX HYA		STD		
2453796.79170	11.117000	0.006000		V	DKS		12		GSC	ERR: 0.006, COMP=GSC 5482-1347	No		G				VX HYA		STD		
2453796.79310	11.120000	0.006000		V	DKS		12		GSC	ERR: 0.006, COMP=GSC 5482-1347	No		G				VX HYA		STD		
2453796.79450	11.123000	0.006000		V	DKS		12		GSC	ERR: 0.006, COMP=GSC 5482-1347	No		G				VX HYA		STD		
2453796.79600	11.128000	0.006000		V	DKS		12		GSC	ERR: 0.006, COMP=GSC 5482-1347	No		G				VX HYA		STD		
2453796.79740	11.130000	0.006000		V	DKS		12		GSC	ERR: 0.006, COMP=GSC 5482-1347	No		G				VX HYA		STD		
2453796.79880	11.140000	0.006000		V	DKS		12		GSC	ERR: 0.006, COMP=GSC 5482-1347	No		G				VX HYA		STD		
2453796.80020	11.147000	0.006000		V	DKS		12		GSC	ERR: 0.006, COMP=GSC 5482-1347	No		G				VX HYA		STD		
2453796.80160	11.147000	0.006000		V	DKS		12		GSC	ERR: 0.006, COMP=GSC 5482-1347	No		G				VX HYA		STD		
2453796.80310	11.151000	0.006000		V	DKS		12		GSC	ERR: 0.006, COMP=GSC 5482-1347	No		G				VX HYA		STD		
2453796.80450	11.163000	0.006000		V	DKS		12		GSC	ERR: 0.006, COMP=GSC 5482-1347	No		G				VX HYA		STD		
2453796.80590	11.157000	0.006000		V	DKS		12		GSC	ERR: 0.006, COMP=GSC 5482-1347	No		G				VX HYA		STD		
2453796.80730	11.168000	0.006000		V	DKS		12		GSC	ERR: 0.006, COMP=GSC 5482-1347	No		G				VX HYA		STD		
2453796.80870	11.175000	0.006000		V	DKS		12		GSC	ERR: 0.006, COMP=GSC 5482-1347	No		G				VX HYA		STD		
2453796.81010	11.188000	0.006000		V	DKS		12		GSC	ERR: 0.006, COMP=GSC 5482-1347	No		G				VX HYA		STD		
2453796.81160	11.183000	0.006000		V	DKS		12		GSC	ERR: 0.006, COMP=GSC 5482-1347	No		G				VX HYA		STD		
2453796.81300	11.193000	0.006000		V	DKS		12		GSC	ERR: 0.006, COMP=GSC 5482-1347	No		G				VX HYA		STD		
2453796.81440	11.194000	0.006000		V	DKS		12		GSC	ERR: 0.006, COMP=GSC 5482-1347	No		G				VX HYA		STD		
2453796.81580	11.199000	0.006000		V	DKS		12		GSC	ERR: 0.006, COMP=GSC 5482-1347	No		G				VX HYA		STD		
2453796.81720	11.207000	0.006000		V	DKS		12		GSC	ERR: 0.006, COMP=GSC 5482-1347	No		G				VX HYA		STD		
2453796.81870	11.207000	0.006000		V	DKS		12		GSC	ERR: 0.006, COMP=GSC 5482-1347	No		G				VX HYA		STD		
2453796.82010	11.216000	0.006000		V	DKS		12		GSC	ERR: 0.006, COMP=GSC 5482-1347	No		G				VX HYA		STD		
2453796.82150	11.213000	0.006000		V	DKS		12		GSC	ERR: 0.006, COMP=GSC 5482-1347	No		G				VX HYA		STD		
2453796.82290	11.223000	0.006000		V	DKS		12		GSC	ERR: 0.006, COMP=GSC 5482-1347	No		G				VX HYA		STD		
2453796.82430	11.226000	0.006000		V	DKS		12		GSC	ERR: 0.006, COMP=GSC 5482-1347	No		G				VX HYA		STD		
2453796.82570	11.226000	0.006000		V	DKS		12		GSC	ERR: 0.006, COMP=GSC 5482-1347	No		G				VX HYA		STD		
2453796.82720	11.225000	0.006000		V	DKS		12		GSC	ERR: 0.006, COMP=GSC 5482-1347	No		G				VX HYA		STD		
2453796.82860	11.249000	0.006000		V	DKS		12		GSC	ERR: 0.006, COMP=GSC 5482-1347	No		G				VX HYA		STD		
2453797.53650	11.328000	0.006000		V	DKS		12		GSC	ERR: 0.006, COMP=GSC 5482-1347	No		G				VX HYA		STD		
2453797.53790	11.329000	0.006000		V	DKS		12		GSC	ERR: 0.006, COMP=GSC 5482-1347	No		G				VX HYA		STD		
2453797.53930	11.312000	0.006000		V	DKS		12		GSC	ERR: 0.006, COMP=GSC 5482-1347	No		G				VX HYA		STD		
2453797.54070	11.303000	0.006000		V	DKS		12		GSC	ERR: 0.006, COMP=GSC 5482-1347	No		G				VX HYA		STD		
2453797.54220	11.307000	0.006000		V	DKS		12		GSC	ERR: 0.006, COMP=GSC 5482-1347	No		G				VX HYA		STD		
2453797.54360	11.318000	0.006000		V	DKS		12		GSC	ERR: 0.006, COMP=GSC 5482-1347	No		G				VX HYA		STD		
2453797.54500	11.293000	0.006000		V	DKS		12		GSC	ERR: 0.006, COMP=GSC 5482-1347	No		G				VX HYA		STD		
2453797.54920	11.297000	0.006000		V	DKS		12		GSC	ERR: 0.006, COMP=GSC 5482-1347	No		G				VX HYA		STD		
2453797.55070	11.290000	0.006000		V	DKS		12		GSC	ERR: 0.006, COMP=GSC 5482-1347	No		G				VX HYA		STD		
2453797.55210	11.277000	0.006000		V	DKS		12		GSC	ERR: 0.006, COMP=GSC 5482-1347	No		G				VX HYA		STD		
2453797.55350	11.284000	0.006000		V	DKS		12		GSC	ERR: 0.006, COMP=GSC 5482-1347	No		G				VX HYA		STD		
2453797.55490	11.255000	0.006000		V	DKS		12		GSC	ERR: 0.006, COMP=GSC 5482-1347	No		G				VX HYA		STD		
2453797.55630	11.245000	0.006000		V	DKS		12		GSC	ERR: 0.006, COMP=GSC 5482-1347	No		G				VX HYA		STD		
2453797.55780	11.244000	0.006000		V	DKS		12		GSC	ERR: 0.006, COMP=GSC 5482-1347	No		G				VX HYA		STD		
2453797.55920	11.220000	0.006000		V	DKS		12		GSC	ERR: 0.006, COMP=GSC 5482-1347	No		G				VX HYA		STD		
2453797.56060	11.224000	0.006000		V	DKS		12		GSC	ERR: 0.006, COMP=GSC 5482-1347	No		G				VX HYA		STD		
2453797.56200	11.206000	0.006000		V	DKS		12		GSC	ERR: 0.006, COMP=GSC 5482-1347	No		G				VX HYA		STD		
2453797.56480	11.163000	0.006000		V	DKS		12		GSC	ERR: 0.006, COMP=GSC 5482-1347	No		G				VX HYA		STD		
2453797.56770	11.114000	0.006000		V	DKS		12		GSC	ERR: 0.006, COMP=GSC 5482-1347	No		G				VX HYA		STD		
2453797.56910	11.077000	0.006000		V	DKS		12		GSC	ERR: 0.006, COMP=GSC 5482-1347	No		G				VX HYA		STD		
2453797.57050	11.051000	0.006000		V	DKS		12		GSC	ERR: 0.006, COMP=GSC 5482-1347	No		G				VX HYA		STD		
2453797.57190	11.029000	0.006000		V	DKS		12		GSC	ERR: 0.006, COMP=GSC 5482-1347	No		G				VX HYA		STD		
2453797.57340	10.998000	0.006000		V	DKS		12		GSC	ERR: 0.006, COMP=GSC 5482-1347	No		G				VX HYA		STD		
2453797.57480	10.972000	0.006000		V	DKS		12		GSC	ERR: 0.006, COMP=GSC 5482-1347	No		G				VX HYA		STD		
2453797.57620	10.951000	0.006000		V	DKS		12		GSC	ERR: 0.006, COMP=GSC 5482-1347	No		G				VX HYA		STD		
2453797.57760	10.919000	0.006000		V	DKS		12		GSC	ERR: 0.006, COMP=GSC 5482-1347	No		G				VX HYA		STD		
2453797.57900	10.882000	0.006000		V	DKS		12		GSC	ERR: 0.006, COMP=GSC 5482-1347	No		G				VX HYA		STD		
2453797.58040	10.845000	0.006000		V	DKS		12		GSC	ERR: 0.006, COMP=GSC 5482-1347	No		G				VX HYA		STD		
2453797.58190	10.809000	0.006000		V	DKS		12		GSC	ERR: 0.006, COMP=GSC 5482-1347	No		G				VX HYA		STD		
2453797.58330	10.771000	0.006000		V	DKS		12		GSC	ERR: 0.006, COMP=GSC 5482-1347	No		G				VX HYA		STD		
2453797.58470	10.749000	0.006000		V	DKS		12		GSC	ERR: 0.006, COMP=GSC 5482-1347	No		G				VX HYA		STD		
2453797.58610	10.725000	0.006000		V	DKS		12		GSC	ERR: 0.006, COMP=GSC 5482-1347	No		G				VX HYA		STD		
2453797.58750	10.699000	0.006000		V	DKS		12		GSC	ERR: 0.006, COMP=GSC 5482-1347	No		G				VX HYA		STD		
2453797.58890	10.679000	0.006000		V	DKS		12		GSC	ERR: 0.006, COMP=GSC 5482-1347	No		G				VX HYA		STD		
2453797.59040	10.685000	0.006000		V	DKS		12		GSC	ERR: 0.006, COMP=GSC 5482-1347	No		G				VX HYA		STD		
2453797.59180	10.670000	0.006000		V	DKS		12		GSC	ERR: 0.006, COMP=GSC 5482-1347	No		G				VX HYA		STD		
2453797.59320	10.669000	0.006000		V	DKS		12		GSC	ERR: 0.006, COMP=GSC 5482-1347	No		G				VX HYA		STD		
2453797.59460	10.671000	0.006000		V	DKS		12		GSC	ERR: 0.006, COMP=GSC 5482-1347	No		G				VX HYA		STD		
2453797.59600	10.684000	0.006000		V	DKS		12		GSC	ERR: 0.006, COMP=GSC 5482-1347	No		G				VX HYA		STD		
2453797.59750	10.691000	0.006000		V	DKS		12		GSC	ERR: 0.006, COMP=GSC 5482-1347	No		G				VX HYA		STD		
2453797.59890	10.693000	0.006000		V	DKS		12		GSC	ERR: 0.006, COMP=GSC 5482-1347	No		G				VX HYA		STD		
2453797.60030	10.706000	0.006000		V	DKS		12		GSC	ERR: 0.006, COMP=GSC 5482-1347	No		G				VX HYA		STD		
2453797.60170	10.706000	0.006000		V	DKS		12		GSC	ERR: 0.006, COMP=GSC 5482-1347	No		G				VX HYA		STD		
2453797.60310	10.720000	0.006000		V	DKS		12		GSC	ERR: 0.006, COMP=GSC 5482-1347	No		G				VX HYA		STD		
2453797.60450	10.723000	0.006000		V	DKS		12		GSC	ERR: 0.006, COMP=GSC 5482-1347	No		G				VX HYA		STD		
2453797.60880	10.766000	0.006000		V	DKS		12		GSC	ERR: 0.006, COMP=GSC 5482-1347	No		G				VX HYA		STD		
2453797.61020	10.771000	0.006000		V	DKS		12		GSC	ERR: 0.006, COMP=GSC 5482-1347	No		G				VX HYA		STD		
2453797.61160	10.786000	0.006000		V	DKS		12		GSC	ERR: 0.006, COMP=GSC 5482-1347	No		G				VX HYA		STD		
2453797.61310	10.803000	0.006000		V	DKS		12		GSC	ERR: 0.006, COMP=GSC 5482-1347	No		G				VX HYA		STD		
2453797.61450	10.810000	0.006000		V	DKS		12		GSC	ERR: 0.006, COMP=GSC 5482-1347	No		G				VX HYA		STD		
2453797.61590	10.822000	0.006000		V	DKS		12		GSC	ERR: 0.006, COMP=GSC 5482-1347	No		G				VX HYA		STD		
2453797.61730	10.812000	0.006000		V	DKS		12		GSC	ERR: 0.006, COMP=GSC 5482-1347	No		G				VX HYA		STD		
2453797.61870	10.839000	0.006000		V	DKS		12		GSC	ERR: 0.006, COMP=GSC 5482-1347	No		G				VX HYA		STD		
2453797.62010	10.839000	0.006000		V	DKS		12		GSC	ERR: 0.006, COMP=GSC 5482-1347	No		G				VX HYA		STD		
2453797.62150	10.859000	0.006000		V	DKS		12		GSC	ERR: 0.006, COMP=GSC 5482-1347	No		G				VX HYA		STD		
2453797.62300	10.861000	0.006000		V	DKS		12		GSC	ERR: 0.006, COMP=GSC 5482-1347	No		G				VX HYA		STD		
2453797.62440	10.876000	0.006000		V	DKS		12		GSC	ERR: 0.006, COMP=GSC 5482-1347	No		G				VX HYA		STD		
2453797.62580	10.883000	0.006000		V	DKS		12		GSC	ERR: 0.006, COMP=GSC 5482-1347	No		G				VX HYA		STD		
2453797.62720	10.885000	0.006000		V	DKS		12		GSC	ERR: 0.006, COMP=GSC 5482-1347	No		G				VX HYA		STD		
2453797.62860	10.909000	0.006000		V	DKS		12		GSC	ERR: 0.006, COMP=GSC 5482-1347	No		G				VX HYA		STD		
2453797.63150	10.940000	0.006000		V	DKS		12		GSC	ERR: 0.006, COMP=GSC 5482-1347	No		G				VX HYA		STD		
2453797.63290	10.945000	0.006000		V	DKS		12		GSC	ERR: 0.006, COMP=GSC 5482-1347	No		G				VX HYA		STD		
2453797.63430	10.959000	0.006000		V	DKS		12		GSC	ERR: 0.006, COMP=GSC 5482-1347	No		G				VX HYA		STD		
2453797.63570	10.972000	0.006000		V	DKS		12		GSC	ERR: 0.006, COMP=GSC 5482-1347	No		G				VX HYA		STD		
2453797.63710	10.981000	0.006000		V	DKS		12		GSC	ERR: 0.006, COMP=GSC 5482-1347	No		G				VX HYA		STD		
2453797.63860	10.995000	0.006000		V	DKS		12		GSC	ERR: 0.006, COMP=GSC 5482-1347	No		G				VX HYA		STD		
2453797.64000	11.006000	0.006000		V	DKS		12		GSC	ERR: 0.006, COMP=GSC 5482-1347	No		G				VX HYA		STD		
2453797.64140	11.009000	0.006000		V	DKS		12		GSC	ERR: 0.006, COMP=GSC 5482-1347	No		G				VX HYA		STD		
2453797.64280	11.021000	0.006000		V	DKS		12		GSC	ERR: 0.006, COMP=GSC 5482-1347	No		G				VX HYA		STD		
2453797.64420	11.038000	0.006000		V	DKS		12		GSC	ERR: 0.006, COMP=GSC 5482-1347	No		G				VX HYA		STD		
2453797.64560	11.037000	0.006000		V	DKS		12		GSC	ERR: 0.006, COMP=GSC 5482-1347	No		G				VX HYA		STD		
2453797.64710	11.046000	0.006000		V	DKS		12		GSC	ERR: 0.006, COMP=GSC 5482-1347	No		G				VX HYA		STD		
2453797.64850	11.052000	0.006000		V	DKS		12		GSC	ERR: 0.006, COMP=GSC 5482-1347	No		G				VX HYA		STD		
2453797.64990	11.069000	0.006000		V	DKS		12		GSC	ERR: 0.006, COMP=GSC 5482-1347	No		G				VX HYA		STD		
2453797.65130	11.065000	0.006000		V	DKS		12		GSC	ERR: 0.006, COMP=GSC 5482-1347	No		G				VX HYA		STD		
2453797.65270	11.065000	0.006000		V	DKS		12		GSC	ERR: 0.006, COMP=GSC 5482-1347	No		G				VX HYA		STD		
2453797.65420	11.082000	0.006000		V	DKS		12		GSC	ERR: 0.006, COMP=GSC 5482-1347	No		G				VX HYA		STD		
2453797.65560	11.076000	0.006000		V	DKS		12		GSC	ERR: 0.006, COMP=GSC 5482-1347	No		G				VX HYA		STD		
2453797.65700	11.088000	0.006000		V	DKS		12		GSC	ERR: 0.006, COMP=GSC 5482-1347	No		G				VX HYA		STD		
2453797.65840	11.089000	0.006000		V	DKS		12		GSC	ERR: 0.006, COMP=GSC 5482-1347	No		G				VX HYA		STD		
2453797.65980	11.110000	0.006000		V	DKS		12		GSC	ERR: 0.006, COMP=GSC 5482-1347	No		G				VX HYA		STD		
2453797.66120	11.104000	0.006000		V	DKS		12		GSC	ERR: 0.006, COMP=GSC 5482-1347	No		G				VX HYA		STD		
2453797.66270	11.114000	0.006000		V	DKS		12		GSC	ERR: 0.006, COMP=GSC 5482-1347	No		G				VX HYA		STD		
2453797.66440	11.124000	0.006000		V	DKS		12		GSC	ERR: 0.006, COMP=GSC 5482-1347	No		G				VX HYA		STD		
2453797.66580	11.126000	0.006000		V	DKS		12		GSC	ERR: 0.006, COMP=GSC 5482-1347	No		G				VX HYA		STD		
2453797.66720	11.132000	0.006000		V	DKS		12		GSC	ERR: 0.006, COMP=GSC 5482-1347	No		G				VX HYA		STD		
2453797.66870	11.143000	0.006000		V	DKS		12		GSC	ERR: 0.006, COMP=GSC 5482-1347	No		G				VX HYA		STD		
2453797.67010	11.147000	0.006000		V	DKS		12		GSC	ERR: 0.006, COMP=GSC 5482-1347	No		G				VX HYA		STD		
2453797.67290	11.159000	0.006000		V	DKS		12		GSC	ERR: 0.006, COMP=GSC 5482-1347	No		G				VX HYA		STD		
2453797.67430	11.155000	0.006000		V	DKS		12		GSC	ERR: 0.006, COMP=GSC 5482-1347	No		G				VX HYA		STD		
2453797.67570	11.164000	0.006000		V	DKS		12		GSC	ERR: 0.006, COMP=GSC 5482-1347	No		G				VX HYA		STD		
2453797.67720	11.174000	0.006000		V	DKS		12		GSC	ERR: 0.006, COMP=GSC 5482-1347	No		G				VX HYA		STD		
2453797.67860	11.178000	0.006000		V	DKS		12		GSC	ERR: 0.006, COMP=GSC 5482-1347	No		G				VX HYA		STD		
2453797.68000	11.175000	0.006000		V	DKS		12		GSC	ERR: 0.006, COMP=GSC 5482-1347	No		G				VX HYA		STD		
2453797.68140	11.199000	0.006000		V	DKS		12		GSC	ERR: 0.006, COMP=GSC 5482-1347	No		G				VX HYA		STD		
2453797.68280	11.197000	0.006000		V	DKS		12		GSC	ERR: 0.006, COMP=GSC 5482-1347	No		G				VX HYA		STD		
2453797.68420	11.208000	0.006000		V	DKS		12		GSC	ERR: 0.006, COMP=GSC 5482-1347	No		G				VX HYA		STD		
2453797.68570	11.197000	0.006000		V	DKS		12		GSC	ERR: 0.006, COMP=GSC 5482-1347	No		G				VX HYA		STD		
2453797.68710	11.201000	0.006000		V	DKS		12		GSC	ERR: 0.006, COMP=GSC 5482-1347	No		G				VX HYA		STD		
2453797.68850	11.204000	0.006000		V	DKS		12		GSC	ERR: 0.006, COMP=GSC 5482-1347	No		G				VX HYA		STD		
2453797.68990	11.202000	0.006000		V	DKS		12		GSC	ERR: 0.006, COMP=GSC 5482-1347	No		G				VX HYA		STD		
2453797.69130	11.224000	0.006000		V	DKS		12		GSC	ERR: 0.006, COMP=GSC 5482-1347	No		G				VX HYA		STD		
2453797.69280	11.214000	0.006000		V	DKS		12		GSC	ERR: 0.006, COMP=GSC 5482-1347	No		G				VX HYA		STD		
2453797.69420	11.214000	0.006000		V	DKS		12		GSC	ERR: 0.006, COMP=GSC 5482-1347	No		G				VX HYA		STD		
2453797.69560	11.217000	0.006000		V	DKS		12		GSC	ERR: 0.006, COMP=GSC 5482-1347	No		G				VX HYA		STD		
2453797.69700	11.208000	0.006000		V	DKS		12		GSC	ERR: 0.006, COMP=GSC 5482-1347	No		G				VX HYA		STD		
2453797.69840	11.231000	0.006000		V	DKS		12		GSC	ERR: 0.006, COMP=GSC 5482-1347	No		G				VX HYA		STD		
2453797.69980	11.217000	0.006000		V	DKS		12		GSC	ERR: 0.006, COMP=GSC 5482-1347	No		G				VX HYA		STD		
2453797.70130	11.217000	0.006000		V	DKS		12		GSC	ERR: 0.006, COMP=GSC 5482-1347	No		G				VX HYA		STD		
2453797.70270	11.216000	0.006000		V	DKS		12		GSC	ERR: 0.006, COMP=GSC 5482-1347	No		G				VX HYA		STD		
2453797.70550	11.216000	0.006000		V	DKS		12		GSC	ERR: 0.006, COMP=GSC 5482-1347	No		G				VX HYA		STD		
2453797.70690	11.229000	0.006000		V	DKS		12		GSC	ERR: 0.006, COMP=GSC 5482-1347	No		G				VX HYA		STD		
2453797.70840	11.225000	0.006000		V	DKS		12		GSC	ERR: 0.006, COMP=GSC 5482-1347	No		G				VX HYA		STD		
2453797.70980	11.228000	0.006000		V	DKS		12		GSC	ERR: 0.006, COMP=GSC 5482-1347	No		G				VX HYA		STD		
2453797.71120	11.224000	0.006000		V	DKS		12		GSC	ERR: 0.006, COMP=GSC 5482-1347	No		G				VX HYA		STD		
2453797.71260	11.234000	0.006000		V	DKS		12		GSC	ERR: 0.006, COMP=GSC 5482-1347	No		G				VX HYA		STD		
2453797.71400	11.229000	0.006000		V	DKS		12		GSC	ERR: 0.006, COMP=GSC 5482-1347	No		G				VX HYA		STD		
2453797.71540	11.232000	0.006000		V	DKS		12		GSC	ERR: 0.006, COMP=GSC 5482-1347	No		G				VX HYA		STD		
2453797.71690	11.231000	0.006000		V	DKS		12		GSC	ERR: 0.006, COMP=GSC 5482-1347	No		G				VX HYA		STD		
2453797.71830	11.242000	0.006000		V	DKS		12		GSC	ERR: 0.006, COMP=GSC 5482-1347	No		G				VX HYA		STD		
2453797.71970	11.230000	0.006000		V	DKS		12		GSC	ERR: 0.006, COMP=GSC 5482-1347	No		G				VX HYA		STD		
2453797.72110	11.232000	0.006000		V	DKS		12		GSC	ERR: 0.006, COMP=GSC 5482-1347	No		G				VX HYA		STD		
2453797.72250	11.233000	0.006000		V	DKS		12		GSC	ERR: 0.006, COMP=GSC 5482-1347	No		G				VX HYA		STD		
2453797.72390	11.234000	0.006000		V	DKS		12		GSC	ERR: 0.006, COMP=GSC 5482-1347	No		G				VX HYA		STD		
2453797.72540	11.240000	0.006000		V	DKS		12		GSC	ERR: 0.006, COMP=GSC 5482-1347	No		G				VX HYA		STD		
2453797.72680	11.232000	0.006000		V	DKS		12		GSC	ERR: 0.006, COMP=GSC 5482-1347	No		G				VX HYA		STD		
2453797.72820	11.224000	0.006000		V	DKS		12		GSC	ERR: 0.006, COMP=GSC 5482-1347	No		G				VX HYA		STD		
2453797.72960	11.216000	0.006000		V	DKS		12		GSC	ERR: 0.006, COMP=GSC 5482-1347	No		G				VX HYA		STD		
2453797.73100	11.211000	0.006000		V	DKS		12		GSC	ERR: 0.006, COMP=GSC 5482-1347	No		G				VX HYA		STD		
2453797.73250	11.220000	0.006000		V	DKS		12		GSC	ERR: 0.006, COMP=GSC 5482-1347	No		G				VX HYA		STD		
2453797.73390	11.226000	0.006000		V	DKS		12		GSC	ERR: 0.006, COMP=GSC 5482-1347	No		G				VX HYA		STD		
2453797.73530	11.220000	0.006000		V	DKS		12		GSC	ERR: 0.006, COMP=GSC 5482-1347	No		G				VX HYA		STD		
2453797.73670	11.222000	0.006000		V	DKS		12		GSC	ERR: 0.006, COMP=GSC 5482-1347	No		G				VX HYA		STD		
2453797.73810	11.210000	0.006000		V	DKS		12		GSC	ERR: 0.006, COMP=GSC 5482-1347	No		G				VX HYA		STD		
2453797.73950	11.217000	0.006000		V	DKS		12		GSC	ERR: 0.006, COMP=GSC 5482-1347	No		G				VX HYA		STD		
2453797.74100	11.234000	0.006000		V	DKS		12		GSC	ERR: 0.006, COMP=GSC 5482-1347	No		G				VX HYA		STD		
2453798.61780	11.176000	0.006000		V	DKS		12		GSC	ERR: 0.006, COMP=GSC 5482-1347	No		G				VX HYA		STD		
2453798.61920	11.182000	0.006000		V	DKS		12		GSC	ERR: 0.006, COMP=GSC 5482-1347	No		G				VX HYA		STD		
2453798.62060	11.184000	0.006000		V	DKS		12		GSC	ERR: 0.006, COMP=GSC 5482-1347	No		G				VX HYA		STD		
2453798.62210	11.185000	0.006000		V	DKS		12		GSC	ERR: 0.006, COMP=GSC 5482-1347	No		G				VX HYA		STD		
2453798.62350	11.183000	0.006000		V	DKS		12		GSC	ERR: 0.006, COMP=GSC 5482-1347	No		G				VX HYA		STD		
2453798.62490	11.184000	0.006000		V	DKS		12		GSC	ERR: 0.006, COMP=GSC 5482-1347	No		G				VX HYA		STD		
2453798.62770	11.185000	0.006000		V	DKS		12		GSC	ERR: 0.006, COMP=GSC 5482-1347	No		G				VX HYA		STD		
2453798.62910	11.188000	0.006000		V	DKS		12		GSC	ERR: 0.006, COMP=GSC 5482-1347	No		G				VX HYA		STD		
2453798.63060	11.179000	0.006000		V	DKS		12		GSC	ERR: 0.006, COMP=GSC 5482-1347	No		G				VX HYA		STD		
2453798.63200	11.186000	0.006000		V	DKS		12		GSC	ERR: 0.006, COMP=GSC 5482-1347	No		G				VX HYA		STD		
2453798.63340	11.179000	0.006000		V	DKS		12		GSC	ERR: 0.006, COMP=GSC 5482-1347	No		G				VX HYA		STD		
2453798.63480	11.179000	0.006000		V	DKS		12		GSC	ERR: 0.006, COMP=GSC 5482-1347	No		G				VX HYA		STD		
2453798.63620	11.172000	0.006000		V	DKS		12		GSC	ERR: 0.006, COMP=GSC 5482-1347	No		G				VX HYA		STD		
2453798.63760	11.176000	0.006000		V	DKS		12		GSC	ERR: 0.006, COMP=GSC 5482-1347	No		G				VX HYA		STD		
2453798.63910	11.178000	0.006000		V	DKS		12		GSC	ERR: 0.006, COMP=GSC 5482-1347	No		G				VX HYA		STD		
2453798.64050	11.178000	0.006000		V	DKS		12		GSC	ERR: 0.006, COMP=GSC 5482-1347	No		G				VX HYA		STD		
2453798.64190	11.177000	0.006000		V	DKS		12		GSC	ERR: 0.006, COMP=GSC 5482-1347	No		G				VX HYA		STD		
2453798.64330	11.171000	0.006000		V	DKS		12		GSC	ERR: 0.006, COMP=GSC 5482-1347	No		G				VX HYA		STD		
2453798.64470	11.172000	0.006000		V	DKS		12		GSC	ERR: 0.006, COMP=GSC 5482-1347	No		G				VX HYA		STD		
2453798.64620	11.170000	0.006000		V	DKS		12		GSC	ERR: 0.006, COMP=GSC 5482-1347	No		G				VX HYA		STD		
2453798.64760	11.161000	0.006000		V	DKS		12		GSC	ERR: 0.006, COMP=GSC 5482-1347	No		G				VX HYA		STD		
2453798.64900	11.162000	0.006000		V	DKS		12		GSC	ERR: 0.006, COMP=GSC 5482-1347	No		G				VX HYA		STD		
2453798.65040	11.158000	0.006000		V	DKS		12		GSC	ERR: 0.006, COMP=GSC 5482-1347	No		G				VX HYA		STD		
2453798.65180	11.157000	0.006000		V	DKS		12		GSC	ERR: 0.006, COMP=GSC 5482-1347	No		G				VX HYA		STD		
2453798.65320	11.156000	0.006000		V	DKS		12		GSC	ERR: 0.006, COMP=GSC 5482-1347	No		G				VX HYA		STD		
2453798.65470	11.150000	0.006000		V	DKS		12		GSC	ERR: 0.006, COMP=GSC 5482-1347	No		G				VX HYA		STD		
2453798.65610	11.151000	0.006000		V	DKS		12		GSC	ERR: 0.006, COMP=GSC 5482-1347	No		G				VX HYA		STD		
2453798.65750	11.159000	0.006000		V	DKS		12		GSC	ERR: 0.006, COMP=GSC 5482-1347	No		G				VX HYA		STD		
2453798.65890	11.152000	0.006000		V	DKS		12		GSC	ERR: 0.006, COMP=GSC 5482-1347	No		G				VX HYA		STD		
2453798.66030	11.153000	0.006000		V	DKS		12		GSC	ERR: 0.006, COMP=GSC 5482-1347	No		G				VX HYA		STD		
2453798.66180	11.156000	0.006000		V	DKS		12		GSC	ERR: 0.006, COMP=GSC 5482-1347	No		G				VX HYA		STD		
2453798.66320	11.155000	0.006000		V	DKS		12		GSC	ERR: 0.006, COMP=GSC 5482-1347	No		G				VX HYA		STD		
2453798.66460	11.153000	0.006000		V	DKS		12		GSC	ERR: 0.006, COMP=GSC 5482-1347	No		G				VX HYA		STD		
2453798.66600	11.157000	0.006000		V	DKS		12		GSC	ERR: 0.006, COMP=GSC 5482-1347	No		G				VX HYA		STD		
2453798.66740	11.157000	0.006000		V	DKS		12		GSC	ERR: 0.006, COMP=GSC 5482-1347	No		G				VX HYA		STD		
2453798.66880	11.158000	0.006000		V	DKS		12		GSC	ERR: 0.006, COMP=GSC 5482-1347	No		G				VX HYA		STD		
2453798.67030	11.155000	0.006000		V	DKS		12		GSC	ERR: 0.006, COMP=GSC 5482-1347	No		G				VX HYA		STD		
2453798.67170	11.155000	0.006000		V	DKS		12		GSC	ERR: 0.006, COMP=GSC 5482-1347	No		G				VX HYA		STD		
2453798.67310	11.155000	0.006000		V	DKS		12		GSC	ERR: 0.006, COMP=GSC 5482-1347	No		G				VX HYA		STD		
2453798.67450	11.151000	0.006000		V	DKS		12		GSC	ERR: 0.006, COMP=GSC 5482-1347	No		G				VX HYA		STD		
2453798.67590	11.160000	0.006000		V	DKS		12		GSC	ERR: 0.006, COMP=GSC 5482-1347	No		G				VX HYA		STD		
2453798.67730	11.154000	0.006000		V	DKS		12		GSC	ERR: 0.006, COMP=GSC 5482-1347	No		G				VX HYA		STD		
2453798.67880	11.159000	0.006000		V	DKS		12		GSC	ERR: 0.006, COMP=GSC 5482-1347	No		G				VX HYA		STD		
2453798.68020	11.153000	0.006000		V	DKS		12		GSC	ERR: 0.006, COMP=GSC 5482-1347	No		G				VX HYA		STD		
2453798.68160	11.151000	0.006000		V	DKS		12		GSC	ERR: 0.006, COMP=GSC 5482-1347	No		G				VX HYA		STD		
2453798.68300	11.162000	0.006000		V	DKS		12		GSC	ERR: 0.006, COMP=GSC 5482-1347	No		G				VX HYA		STD		
2453798.68440	11.168000	0.006000		V	DKS		12		GSC	ERR: 0.006, COMP=GSC 5482-1347	No		G				VX HYA		STD		
2453798.68590	11.165000	0.006000		V	DKS		12		GSC	ERR: 0.006, COMP=GSC 5482-1347	No		G				VX HYA		STD		
2453798.68730	11.170000	0.006000		V	DKS		12		GSC	ERR: 0.006, COMP=GSC 5482-1347	No		G				VX HYA		STD		
2453798.68870	11.168000	0.006000		V	DKS		12		GSC	ERR: 0.006, COMP=GSC 5482-1347	No		G				VX HYA		STD		
2453798.69010	11.155000	0.006000		V	DKS		12		GSC	ERR: 0.006, COMP=GSC 5482-1347	No		G				VX HYA		STD		
2453798.69150	11.166000	0.006000		V	DKS		12		GSC	ERR: 0.006, COMP=GSC 5482-1347	No		G				VX HYA		STD		
2453798.69290	11.168000	0.006000		V	DKS		12		GSC	ERR: 0.006, COMP=GSC 5482-1347	No		G				VX HYA		STD		
2453798.69440	11.172000	0.006000		V	DKS		12		GSC	ERR: 0.006, COMP=GSC 5482-1347	No		G				VX HYA		STD		
2453798.69580	11.171000	0.006000		V	DKS		12		GSC	ERR: 0.006, COMP=GSC 5482-1347	No		G				VX HYA		STD		
2453798.69720	11.164000	0.006000		V	DKS		12		GSC	ERR: 0.006, COMP=GSC 5482-1347	No		G				VX HYA		STD		
2453798.69860	11.167000	0.006000		V	DKS		12		GSC	ERR: 0.006, COMP=GSC 5482-1347	No		G				VX HYA		STD		
2453798.70000	11.161000	0.006000		V	DKS		12		GSC	ERR: 0.006, COMP=GSC 5482-1347	No		G				VX HYA		STD		
2453798.70140	11.163000	0.006000		V	DKS		12		GSC	ERR: 0.006, COMP=GSC 5482-1347	No		G				VX HYA		STD		
2453798.70290	11.175000	0.006000		V	DKS		12		GSC	ERR: 0.006, COMP=GSC 5482-1347	No		G				VX HYA		STD		
2453798.70430	11.150000	0.006000		V	DKS		12		GSC	ERR: 0.006, COMP=GSC 5482-1347	No		G				VX HYA		STD		
2453798.70570	11.157000	0.006000		V	DKS		12		GSC	ERR: 0.006, COMP=GSC 5482-1347	No		G				VX HYA		STD		
2453798.70710	11.160000	0.006000		V	DKS		12		GSC	ERR: 0.006, COMP=GSC 5482-1347	No		G				VX HYA		STD		
2453798.70850	11.154000	0.006000		V	DKS		12		GSC	ERR: 0.006, COMP=GSC 5482-1347	No		G				VX HYA		STD		
2453798.71000	11.145000	0.006000		V	DKS		12		GSC	ERR: 0.006, COMP=GSC 5482-1347	No		G				VX HYA		STD		
2453798.71140	11.146000	0.006000		V	DKS		12		GSC	ERR: 0.006, COMP=GSC 5482-1347	No		G				VX HYA		STD		
2453798.71280	11.153000	0.006000		V	DKS		12		GSC	ERR: 0.006, COMP=GSC 5482-1347	No		G				VX HYA		STD		
2453798.71420	11.139000	0.006000		V	DKS		12		GSC	ERR: 0.006, COMP=GSC 5482-1347	No		G				VX HYA		STD		
2453798.71560	11.132000	0.006000		V	DKS		12		GSC	ERR: 0.006, COMP=GSC 5482-1347	No		G				VX HYA		STD		
2453798.71700	11.128000	0.006000		V	DKS		12		GSC	ERR: 0.006, COMP=GSC 5482-1347	No		G				VX HYA		STD		
2453798.71850	11.126000	0.006000		V	DKS		12		GSC	ERR: 0.006, COMP=GSC 5482-1347	No		G				VX HYA		STD		
2453798.71990	11.124000	0.006000		V	DKS		12		GSC	ERR: 0.006, COMP=GSC 5482-1347	No		G				VX HYA		STD		
2453798.72130	11.117000	0.006000		V	DKS		12		GSC	ERR: 0.006, COMP=GSC 5482-1347	No		G				VX HYA		STD		
2453798.72270	11.117000	0.006000		V	DKS		12		GSC	ERR: 0.006, COMP=GSC 5482-1347	No		G				VX HYA		STD		
2453798.72410	11.120000	0.006000		V	DKS		12		GSC	ERR: 0.006, COMP=GSC 5482-1347	No		G				VX HYA		STD		
2453798.72560	11.109000	0.006000		V	DKS		12		GSC	ERR: 0.006, COMP=GSC 5482-1347	No		G				VX HYA		STD		
2453798.72700	11.105000	0.006000		V	DKS		12		GSC	ERR: 0.006, COMP=GSC 5482-1347	No		G				VX HYA		STD		
2453798.72840	11.102000	0.006000		V	DKS		12		GSC	ERR: 0.006, COMP=GSC 5482-1347	No		G				VX HYA		STD		
2453798.72980	11.104000	0.006000		V	DKS		12		GSC	ERR: 0.006, COMP=GSC 5482-1347	No		G				VX HYA		STD		
2453798.73120	11.097000	0.006000		V	DKS		12		GSC	ERR: 0.006, COMP=GSC 5482-1347	No		G				VX HYA		STD		
2453798.73260	11.097000	0.006000		V	DKS		12		GSC	ERR: 0.006, COMP=GSC 5482-1347	No		G				VX HYA		STD		
2453798.73410	11.102000	0.006000		V	DKS		12		GSC	ERR: 0.006, COMP=GSC 5482-1347	No		G				VX HYA		STD		
2453798.73550	11.085000	0.006000		V	DKS		12		GSC	ERR: 0.006, COMP=GSC 5482-1347	No		G				VX HYA		STD		
2453798.73690	11.099000	0.006000		V	DKS		12		GSC	ERR: 0.006, COMP=GSC 5482-1347	No		G				VX HYA		STD		
2453798.73830	11.097000	0.006000		V	DKS		12		GSC	ERR: 0.006, COMP=GSC 5482-1347	No		G				VX HYA		STD		
2453798.73970	11.099000	0.006000		V	DKS		12		GSC	ERR: 0.006, COMP=GSC 5482-1347	No		G				VX HYA		STD		
2453798.74110	11.100000	0.006000		V	DKS		12		GSC	ERR: 0.006, COMP=GSC 5482-1347	No		G				VX HYA		STD		
2453798.74260	11.086000	0.006000		V	DKS		12		GSC	ERR: 0.006, COMP=GSC 5482-1347	No		G				VX HYA		STD		
2453798.74400	11.087000	0.006000		V	DKS		12		GSC	ERR: 0.006, COMP=GSC 5482-1347	No		G				VX HYA		STD		
2453798.74540	11.086000	0.006000		V	DKS		12		GSC	ERR: 0.006, COMP=GSC 5482-1347	No		G				VX HYA		STD		
2453798.74680	11.084000	0.006000		V	DKS		12		GSC	ERR: 0.006, COMP=GSC 5482-1347	No		G				VX HYA		STD		
2453798.74820	11.085000	0.006000		V	DKS		12		GSC	ERR: 0.006, COMP=GSC 5482-1347	No		G				VX HYA		STD		
2453798.74960	11.088000	0.006000		V	DKS		12		GSC	ERR: 0.006, COMP=GSC 5482-1347	No		G				VX HYA		STD		
2453798.75110	11.076000	0.006000		V	DKS		12		GSC	ERR: 0.006, COMP=GSC 5482-1347	No		G				VX HYA		STD		
2453798.75250	11.087000	0.006000		V	DKS		12		GSC	ERR: 0.006, COMP=GSC 5482-1347	No		G				VX HYA		STD		
2453798.75390	11.062000	0.006000		V	DKS		12		GSC	ERR: 0.006, COMP=GSC 5482-1347	No		G				VX HYA		STD		
2453798.75530	11.061000	0.006000		V	DKS		12		GSC	ERR: 0.006, COMP=GSC 5482-1347	No		G				VX HYA		STD		
2453798.75670	11.042000	0.006000		V	DKS		12		GSC	ERR: 0.006, COMP=GSC 5482-1347	No		G				VX HYA		STD		
2453798.75820	11.051000	0.006000		V	DKS		12		GSC	ERR: 0.006, COMP=GSC 5482-1347	No		G				VX HYA		STD		
2453798.75960	11.043000	0.006000		V	DKS		12		GSC	ERR: 0.006, COMP=GSC 5482-1347	No		G				VX HYA		STD		
2453798.76100	11.038000	0.006000		V	DKS		12		GSC	ERR: 0.006, COMP=GSC 5482-1347	No		G				VX HYA		STD		
2453798.76240	11.031000	0.006000		V	DKS		12		GSC	ERR: 0.006, COMP=GSC 5482-1347	No		G				VX HYA		STD		
2453798.76380	11.026000	0.006000		V	DKS		12		GSC	ERR: 0.006, COMP=GSC 5482-1347	No		G				VX HYA		STD		
2453798.76520	11.035000	0.006000		V	DKS		12		GSC	ERR: 0.006, COMP=GSC 5482-1347	No		G				VX HYA		STD		
2453798.76670	11.024000	0.006000		V	DKS		12		GSC	ERR: 0.006, COMP=GSC 5482-1347	No		G				VX HYA		STD		
2453798.76810	11.008000	0.006000		V	DKS		12		GSC	ERR: 0.006, COMP=GSC 5482-1347	No		G				VX HYA		STD		
2453798.76950	10.977000	0.006000		V	DKS		12		GSC	ERR: 0.006, COMP=GSC 5482-1347	No		G				VX HYA		STD		
2453798.77090	10.982000	0.006000		V	DKS		12		GSC	ERR: 0.006, COMP=GSC 5482-1347	No		G				VX HYA		STD		
2453798.77230	10.981000	0.006000		V	DKS		12		GSC	ERR: 0.006, COMP=GSC 5482-1347	No		G				VX HYA		STD		
2453798.77370	10.972000	0.006000		V	DKS		12		GSC	ERR: 0.006, COMP=GSC 5482-1347	No		G				VX HYA		STD		
2453798.77520	10.964000	0.006000		V	DKS		12		GSC	ERR: 0.006, COMP=GSC 5482-1347	No		G				VX HYA		STD		
2453798.77660	10.962000	0.006000		V	DKS		12		GSC	ERR: 0.006, COMP=GSC 5482-1347	No		G				VX HYA		STD		
2453798.77800	10.949000	0.006000		V	DKS		12		GSC	ERR: 0.006, COMP=GSC 5482-1347	No		G				VX HYA		STD		
2453798.77940	10.963000	0.006000		V	DKS		12		GSC	ERR: 0.006, COMP=GSC 5482-1347	No		G				VX HYA		STD		
2453798.78080	10.957000	0.006000		V	DKS		12		GSC	ERR: 0.006, COMP=GSC 5482-1347	No		G				VX HYA		STD		
2453798.78230	10.955000	0.006000		V	DKS		12		GSC	ERR: 0.006, COMP=GSC 5482-1347	No		G				VX HYA		STD		
2453798.78370	10.950000	0.006000		V	DKS		12		GSC	ERR: 0.006, COMP=GSC 5482-1347	No		G				VX HYA		STD		
2453798.78510	10.961000	0.006000		V	DKS		12		GSC	ERR: 0.006, COMP=GSC 5482-1347	No		G				VX HYA		STD		
2453798.78650	10.967000	0.006000		V	DKS		12		GSC	ERR: 0.006, COMP=GSC 5482-1347	No		G				VX HYA		STD		
2453798.78790	10.960000	0.006000		V	DKS		12		GSC	ERR: 0.006, COMP=GSC 5482-1347	No		G				VX HYA		STD		
2453798.78930	10.967000	0.006000		V	DKS		12		GSC	ERR: 0.006, COMP=GSC 5482-1347	No		G				VX HYA		STD		
2453798.79080	10.965000	0.006000		V	DKS		12		GSC	ERR: 0.006, COMP=GSC 5482-1347	No		G				VX HYA		STD		
2453798.79220	10.985000	0.006000		V	DKS		12		GSC	ERR: 0.006, COMP=GSC 5482-1347	No		G				VX HYA		STD		
2453798.79360	10.982000	0.006000		V	DKS		12		GSC	ERR: 0.006, COMP=GSC 5482-1347	No		G				VX HYA		STD		
2453798.79500	11.000000	0.006000		V	DKS		12		GSC	ERR: 0.006, COMP=GSC 5482-1347	No		G				VX HYA		STD		
2453798.79640	11.001000	0.006000		V	DKS		12		GSC	ERR: 0.006, COMP=GSC 5482-1347	No		G				VX HYA		STD		
2453798.79790	11.005000	0.006000		V	DKS		12		GSC	ERR: 0.006, COMP=GSC 5482-1347	No		G				VX HYA		STD		
2453798.79930	11.014000	0.006000		V	DKS		12		GSC	ERR: 0.006, COMP=GSC 5482-1347	No		G				VX HYA		STD		
2453798.80070	11.018000	0.006000		V	DKS		12		GSC	ERR: 0.006, COMP=GSC 5482-1347	No		G				VX HYA		STD		
2453798.80210	11.029000	0.006000		V	DKS		12		GSC	ERR: 0.006, COMP=GSC 5482-1347	No		G				VX HYA		STD		
2453798.80350	11.033000	0.006000		V	DKS		12		GSC	ERR: 0.006, COMP=GSC 5482-1347	No		G				VX HYA		STD		
2453798.80490	11.034000	0.006000		V	DKS		12		GSC	ERR: 0.006, COMP=GSC 5482-1347	No		G				VX HYA		STD		
2453798.80640	11.040000	0.006000		V	DKS		12		GSC	ERR: 0.006, COMP=GSC 5482-1347	No		G				VX HYA		STD		
2453798.80780	11.032000	0.006000		V	DKS		12		GSC	ERR: 0.006, COMP=GSC 5482-1347	No		G				VX HYA		STD		
2453798.80920	11.060000	0.006000		V	DKS		12		GSC	ERR: 0.006, COMP=GSC 5482-1347	No		G				VX HYA		STD		
2453798.81060	11.055000	0.006000		V	DKS		12		GSC	ERR: 0.006, COMP=GSC 5482-1347	No		G				VX HYA		STD		
2453798.81200	11.079000	0.006000		V	DKS		12		GSC	ERR: 0.006, COMP=GSC 5482-1347	No		G				VX HYA		STD		
2453798.81340	11.078000	0.006000		V	DKS		12		GSC	ERR: 0.006, COMP=GSC 5482-1347	No		G				VX HYA		STD		
2453798.81490	11.078000	0.006000		V	DKS		12		GSC	ERR: 0.006, COMP=GSC 5482-1347	No		G				VX HYA		STD		
2453798.81630	11.062000	0.006000		V	DKS		12		GSC	ERR: 0.006, COMP=GSC 5482-1347	No		G				VX HYA		STD		
2453798.81770	11.075000	0.006000		V	DKS		12		GSC	ERR: 0.006, COMP=GSC 5482-1347	No		G				VX HYA		STD		
2453798.81910	11.075000	0.006000		V	DKS		12		GSC	ERR: 0.006, COMP=GSC 5482-1347	No		G				VX HYA		STD		
2453798.82050	11.083000	0.006000		V	DKS		12		GSC	ERR: 0.006, COMP=GSC 5482-1347	No		G				VX HYA		STD		
2453798.82200	11.093000	0.006000		V	DKS		12		GSC	ERR: 0.006, COMP=GSC 5482-1347	No		G				VX HYA		STD		
2453798.82340	11.090000	0.006000		V	DKS		12		GSC	ERR: 0.006, COMP=GSC 5482-1347	No		G				VX HYA		STD		
2453798.82480	11.095000	0.006000		V	DKS		12		GSC	ERR: 0.006, COMP=GSC 5482-1347	No		G				VX HYA		STD		
2453798.82620	11.095000	0.006000		V	DKS		12		GSC	ERR: 0.006, COMP=GSC 5482-1347	No		G				VX HYA		STD		
2453798.82760	11.101000	0.006000		V	DKS		12		GSC	ERR: 0.006, COMP=GSC 5482-1347	No		G				VX HYA		STD		
2453798.82900	11.091000	0.006000		V	DKS		12		GSC	ERR: 0.006, COMP=GSC 5482-1347	No		G				VX HYA		STD		
2453798.83050	11.110000	0.006000		V	DKS		12		GSC	ERR: 0.006, COMP=GSC 5482-1347	No		G				VX HYA		STD		
2453798.83190	11.125000	0.006000		V	DKS		12		GSC	ERR: 0.006, COMP=GSC 5482-1347	No		G				VX HYA		STD		
2453798.83330	11.100000	0.006000		V	DKS		12		GSC	ERR: 0.006, COMP=GSC 5482-1347	No		G				VX HYA		STD		
2453798.83470	11.102000	0.006000		V	DKS		12		GSC	ERR: 0.006, COMP=GSC 5482-1347	No		G				VX HYA		STD		
2453798.83610	11.115000	0.006000		V	DKS		12		GSC	ERR: 0.006, COMP=GSC 5482-1347	No		G				VX HYA		STD		
2453798.83750	11.109000	0.006000		V	DKS		12		GSC	ERR: 0.006, COMP=GSC 5482-1347	No		G				VX HYA		STD		
2453798.83900	11.115000	0.006000		V	DKS		12		GSC	ERR: 0.006, COMP=GSC 5482-1347	No		G				VX HYA		STD		
2453798.84040	11.106000	0.006000		V	DKS		12		GSC	ERR: 0.006, COMP=GSC 5482-1347	No		G				VX HYA		STD		
2453798.84180	11.116000	0.006000		V	DKS		12		GSC	ERR: 0.006, COMP=GSC 5482-1347	No		G				VX HYA		STD		
2453798.84320	11.115000	0.006000		V	DKS		12		GSC	ERR: 0.006, COMP=GSC 5482-1347	No		G				VX HYA		STD		
2453799.56560	11.225000	0.007000		V	DKS		12		GSC	ERR: 0.007, COMP=GSC 5482-1347	No		G				VX HYA		STD		
2453799.56700	11.219000	0.007000		V	DKS		12		GSC	ERR: 0.007, COMP=GSC 5482-1347	No		G				VX HYA		STD		
2453799.56840	11.229000	0.007000		V	DKS		12		GSC	ERR: 0.007, COMP=GSC 5482-1347	No		G				VX HYA		STD		
2453799.56980	11.217000	0.007000		V	DKS		12		GSC	ERR: 0.007, COMP=GSC 5482-1347	No		G				VX HYA		STD		
2453799.57120	11.228000	0.007000		V	DKS		12		GSC	ERR: 0.007, COMP=GSC 5482-1347	No		G				VX HYA		STD		
2453799.57260	11.216000	0.007000		V	DKS		12		GSC	ERR: 0.007, COMP=GSC 5482-1347	No		G				VX HYA		STD		
2453799.57410	11.228000	0.007000		V	DKS		12		GSC	ERR: 0.007, COMP=GSC 5482-1347	No		G				VX HYA		STD		
2453799.57550	11.223000	0.007000		V	DKS		12		GSC	ERR: 0.007, COMP=GSC 5482-1347	No		G				VX HYA		STD		
2453799.57690	11.244000	0.007000		V	DKS		12		GSC	ERR: 0.007, COMP=GSC 5482-1347	No		G				VX HYA		STD		
2453799.57830	11.230000	0.007000		V	DKS		12		GSC	ERR: 0.007, COMP=GSC 5482-1347	No		G				VX HYA		STD		
2453799.57970	11.228000	0.007000		V	DKS		12		GSC	ERR: 0.007, COMP=GSC 5482-1347	No		G				VX HYA		STD		
2453799.58110	11.223000	0.007000		V	DKS		12		GSC	ERR: 0.007, COMP=GSC 5482-1347	No		G				VX HYA		STD		
2453799.58260	11.225000	0.007000		V	DKS		12		GSC	ERR: 0.007, COMP=GSC 5482-1347	No		G				VX HYA		STD		
2453799.58400	11.216000	0.007000		V	DKS		12		GSC	ERR: 0.007, COMP=GSC 5482-1347	No		G				VX HYA		STD		
2453799.58540	11.207000	0.007000		V	DKS		12		GSC	ERR: 0.007, COMP=GSC 5482-1347	No		G				VX HYA		STD		
2453799.58680	11.218000	0.007000		V	DKS		12		GSC	ERR: 0.007, COMP=GSC 5482-1347	No		G				VX HYA		STD		
2453799.58820	11.212000	0.007000		V	DKS		12		GSC	ERR: 0.007, COMP=GSC 5482-1347	No		G				VX HYA		STD		
2453799.58960	11.205000	0.007000		V	DKS		12		GSC	ERR: 0.007, COMP=GSC 5482-1347	No		G				VX HYA		STD		
2453799.59110	11.199000	0.007000		V	DKS		12		GSC	ERR: 0.007, COMP=GSC 5482-1347	No		G				VX HYA		STD		
2453799.59250	11.185000	0.007000		V	DKS		12		GSC	ERR: 0.007, COMP=GSC 5482-1347	No		G				VX HYA		STD		
2453799.59390	11.199000	0.007000		V	DKS		12		GSC	ERR: 0.007, COMP=GSC 5482-1347	No		G				VX HYA		STD		
2453799.59530	11.197000	0.007000		V	DKS		12		GSC	ERR: 0.007, COMP=GSC 5482-1347	No		G				VX HYA		STD		
2453799.59670	11.188000	0.007000		V	DKS		12		GSC	ERR: 0.007, COMP=GSC 5482-1347	No		G				VX HYA		STD		
2453799.59820	11.183000	0.007000		V	DKS		12		GSC	ERR: 0.007, COMP=GSC 5482-1347	No		G				VX HYA		STD		
2453799.59960	11.171000	0.007000		V	DKS		12		GSC	ERR: 0.007, COMP=GSC 5482-1347	No		G				VX HYA		STD		
2453799.60100	11.157000	0.007000		V	DKS		12		GSC	ERR: 0.007, COMP=GSC 5482-1347	No		G				VX HYA		STD		
2453799.60240	11.156000	0.007000		V	DKS		12		GSC	ERR: 0.007, COMP=GSC 5482-1347	No		G				VX HYA		STD		
2453799.60380	11.148000	0.007000		V	DKS		12		GSC	ERR: 0.007, COMP=GSC 5482-1347	No		G				VX HYA		STD		
2453799.60520	11.135000	0.006000		V	DKS		12		GSC	ERR: 0.006, COMP=GSC 5482-1347	No		G				VX HYA		STD		
2453799.60670	11.125000	0.006000		V	DKS		12		GSC	ERR: 0.006, COMP=GSC 5482-1347	No		G				VX HYA		STD		
2453799.60810	11.111000	0.006000		V	DKS		12		GSC	ERR: 0.006, COMP=GSC 5482-1347	No		G				VX HYA		STD		
2453799.60950	11.111000	0.006000		V	DKS		12		GSC	ERR: 0.006, COMP=GSC 5482-1347	No		G				VX HYA		STD		
2453799.61090	11.086000	0.006000		V	DKS		12		GSC	ERR: 0.006, COMP=GSC 5482-1347	No		G				VX HYA		STD		
2453799.61230	11.089000	0.006000		V	DKS		12		GSC	ERR: 0.006, COMP=GSC 5482-1347	No		G				VX HYA		STD		
2453799.61370	11.084000	0.006000		V	DKS		12		GSC	ERR: 0.006, COMP=GSC 5482-1347	No		G				VX HYA		STD		
2453799.61520	11.064000	0.006000		V	DKS		12		GSC	ERR: 0.006, COMP=GSC 5482-1347	No		G				VX HYA		STD		
2453799.61660	11.045000	0.006000		V	DKS		12		GSC	ERR: 0.006, COMP=GSC 5482-1347	No		G				VX HYA		STD		
2453799.61800	11.047000	0.006000		V	DKS		12		GSC	ERR: 0.006, COMP=GSC 5482-1347	No		G				VX HYA		STD		
2453799.61940	11.036000	0.006000		V	DKS		12		GSC	ERR: 0.006, COMP=GSC 5482-1347	No		G				VX HYA		STD		
2453799.62080	11.024000	0.006000		V	DKS		12		GSC	ERR: 0.006, COMP=GSC 5482-1347	No		G				VX HYA		STD		
2453799.62230	11.015000	0.006000		V	DKS		12		GSC	ERR: 0.006, COMP=GSC 5482-1347	No		G				VX HYA		STD		
2453799.62370	11.002000	0.006000		V	DKS		12		GSC	ERR: 0.006, COMP=GSC 5482-1347	No		G				VX HYA		STD		
2453799.62510	10.989000	0.006000		V	DKS		12		GSC	ERR: 0.006, COMP=GSC 5482-1347	No		G				VX HYA		STD		
2453799.62650	10.965000	0.006000		V	DKS		12		GSC	ERR: 0.006, COMP=GSC 5482-1347	No		G				VX HYA		STD		
2453799.62790	10.963000	0.006000		V	DKS		12		GSC	ERR: 0.006, COMP=GSC 5482-1347	No		G				VX HYA		STD		
2453799.62930	10.965000	0.006000		V	DKS		12		GSC	ERR: 0.006, COMP=GSC 5482-1347	No		G				VX HYA		STD		
2453799.63070	10.934000	0.006000		V	DKS		12		GSC	ERR: 0.006, COMP=GSC 5482-1347	No		G				VX HYA		STD		
2453799.63220	10.915000	0.006000		V	DKS		12		GSC	ERR: 0.006, COMP=GSC 5482-1347	No		G				VX HYA		STD		
2453799.63360	10.904000	0.006000		V	DKS		12		GSC	ERR: 0.006, COMP=GSC 5482-1347	No		G				VX HYA		STD		
2453799.63500	10.893000	0.006000		V	DKS		12		GSC	ERR: 0.006, COMP=GSC 5482-1347	No		G				VX HYA		STD		
2453799.63640	10.881000	0.006000		V	DKS		12		GSC	ERR: 0.006, COMP=GSC 5482-1347	No		G				VX HYA		STD		
2453799.63780	10.851000	0.006000		V	DKS		12		GSC	ERR: 0.006, COMP=GSC 5482-1347	No		G				VX HYA		STD		
2453799.63930	10.841000	0.006000		V	DKS		12		GSC	ERR: 0.006, COMP=GSC 5482-1347	No		G				VX HYA		STD		
2453799.64070	10.839000	0.006000		V	DKS		12		GSC	ERR: 0.006, COMP=GSC 5482-1347	No		G				VX HYA		STD		
2453799.64210	10.832000	0.006000		V	DKS		12		GSC	ERR: 0.006, COMP=GSC 5482-1347	No		G				VX HYA		STD		
2453799.64350	10.825000	0.006000		V	DKS		12		GSC	ERR: 0.006, COMP=GSC 5482-1347	No		G				VX HYA		STD		
2453799.64490	10.821000	0.006000		V	DKS		12		GSC	ERR: 0.006, COMP=GSC 5482-1347	No		G				VX HYA		STD		
2453799.64630	10.818000	0.006000		V	DKS		12		GSC	ERR: 0.006, COMP=GSC 5482-1347	No		G				VX HYA		STD		
2453799.64780	10.824000	0.006000		V	DKS		12		GSC	ERR: 0.006, COMP=GSC 5482-1347	No		G				VX HYA		STD		
2453799.64920	10.823000	0.006000		V	DKS		12		GSC	ERR: 0.006, COMP=GSC 5482-1347	No		G				VX HYA		STD		
2453799.65060	10.830000	0.006000		V	DKS		12		GSC	ERR: 0.006, COMP=GSC 5482-1347	No		G				VX HYA		STD		
2453799.65200	10.836000	0.006000		V	DKS		12		GSC	ERR: 0.006, COMP=GSC 5482-1347	No		G				VX HYA		STD		
2453799.65340	10.837000	0.006000		V	DKS		12		GSC	ERR: 0.006, COMP=GSC 5482-1347	No		G				VX HYA		STD		
2453799.65480	10.843000	0.006000		V	DKS		12		GSC	ERR: 0.006, COMP=GSC 5482-1347	No		G				VX HYA		STD		
2453799.65630	10.850000	0.006000		V	DKS		12		GSC	ERR: 0.006, COMP=GSC 5482-1347	No		G				VX HYA		STD		
2453799.65770	10.858000	0.006000		V	DKS		12		GSC	ERR: 0.006, COMP=GSC 5482-1347	No		G				VX HYA		STD		
2453799.65910	10.868000	0.006000		V	DKS		12		GSC	ERR: 0.006, COMP=GSC 5482-1347	No		G				VX HYA		STD		
2453799.66050	10.880000	0.006000		V	DKS		12		GSC	ERR: 0.006, COMP=GSC 5482-1347	No		G				VX HYA		STD		
2453799.66190	10.885000	0.006000		V	DKS		12		GSC	ERR: 0.006, COMP=GSC 5482-1347	No		G				VX HYA		STD		
2453799.66480	10.902000	0.006000		V	DKS		12		GSC	ERR: 0.006, COMP=GSC 5482-1347	No		G				VX HYA		STD		
2453799.66620	10.914000	0.006000		V	DKS		12		GSC	ERR: 0.006, COMP=GSC 5482-1347	No		G				VX HYA		STD		
2453799.66760	10.945000	0.006000		V	DKS		12		GSC	ERR: 0.006, COMP=GSC 5482-1347	No		G				VX HYA		STD		
2453799.66900	10.934000	0.006000		V	DKS		12		GSC	ERR: 0.006, COMP=GSC 5482-1347	No		G				VX HYA		STD		
2453799.67040	10.944000	0.006000		V	DKS		12		GSC	ERR: 0.006, COMP=GSC 5482-1347	No		G				VX HYA		STD		
2453799.67190	10.952000	0.006000		V	DKS		12		GSC	ERR: 0.006, COMP=GSC 5482-1347	No		G				VX HYA		STD		
2453799.67330	10.967000	0.006000		V	DKS		12		GSC	ERR: 0.006, COMP=GSC 5482-1347	No		G				VX HYA		STD		
2453799.67470	10.978000	0.006000		V	DKS		12		GSC	ERR: 0.006, COMP=GSC 5482-1347	No		G				VX HYA		STD		
2453799.67610	10.957000	0.006000		V	DKS		12		GSC	ERR: 0.006, COMP=GSC 5482-1347	No		G				VX HYA		STD		
2453799.69360	11.088000	0.006000		V	DKS		12		GSC	ERR: 0.006, COMP=GSC 5482-1347	No		G				VX HYA		STD		
2453799.69530	11.087000	0.006000		V	DKS		12		GSC	ERR: 0.006, COMP=GSC 5482-1347	No		G				VX HYA		STD		
2453799.69730	11.098000	0.006000		V	DKS		12		GSC	ERR: 0.006, COMP=GSC 5482-1347	No		G				VX HYA		STD		
2453799.69870	11.084000	0.006000		V	DKS		12		GSC	ERR: 0.006, COMP=GSC 5482-1347	No		G				VX HYA		STD		
2453799.70010	11.089000	0.006000		V	DKS		12		GSC	ERR: 0.006, COMP=GSC 5482-1347	No		G				VX HYA		STD		
2453799.70150	11.097000	0.006000		V	DKS		12		GSC	ERR: 0.006, COMP=GSC 5482-1347	No		G				VX HYA		STD		
2453799.70290	11.097000	0.006000		V	DKS		12		GSC	ERR: 0.006, COMP=GSC 5482-1347	No		G				VX HYA		STD		
2453799.70430	11.103000	0.006000		V	DKS		12		GSC	ERR: 0.006, COMP=GSC 5482-1347	No		G				VX HYA		STD		
2453799.70580	11.114000	0.006000		V	DKS		12		GSC	ERR: 0.006, COMP=GSC 5482-1347	No		G				VX HYA		STD		
2453799.70720	11.115000	0.006000		V	DKS		12		GSC	ERR: 0.006, COMP=GSC 5482-1347	No		G				VX HYA		STD		
2453799.70860	11.150000	0.006000		V	DKS		12		GSC	ERR: 0.006, COMP=GSC 5482-1347	No		G				VX HYA		STD		
2453799.71000	11.131000	0.006000		V	DKS		12		GSC	ERR: 0.006, COMP=GSC 5482-1347	No		G				VX HYA		STD		
2453799.71140	11.137000	0.006000		V	DKS		12		GSC	ERR: 0.006, COMP=GSC 5482-1347	No		G				VX HYA		STD		
2453799.71290	11.136000	0.006000		V	DKS		12		GSC	ERR: 0.006, COMP=GSC 5482-1347	No		G				VX HYA		STD		
2453799.71430	11.150000	0.006000		V	DKS		12		GSC	ERR: 0.006, COMP=GSC 5482-1347	No		G				VX HYA		STD		
2453799.71570	11.148000	0.006000		V	DKS		12		GSC	ERR: 0.006, COMP=GSC 5482-1347	No		G				VX HYA		STD		
2453799.71710	11.147000	0.006000		V	DKS		12		GSC	ERR: 0.006, COMP=GSC 5482-1347	No		G				VX HYA		STD		
2453799.71850	11.148000	0.006000		V	DKS		12		GSC	ERR: 0.006, COMP=GSC 5482-1347	No		G				VX HYA		STD		
2453799.72000	11.161000	0.006000		V	DKS		12		GSC	ERR: 0.006, COMP=GSC 5482-1347	No		G				VX HYA		STD		
2453799.72140	11.155000	0.006000		V	DKS		12		GSC	ERR: 0.006, COMP=GSC 5482-1347	No		G				VX HYA		STD		
2453799.72280	11.164000	0.006000		V	DKS		12		GSC	ERR: 0.006, COMP=GSC 5482-1347	No		G				VX HYA		STD		
2453799.72420	11.162000	0.006000		V	DKS		12		GSC	ERR: 0.006, COMP=GSC 5482-1347	No		G				VX HYA		STD		
2453799.72560	11.164000	0.006000		V	DKS		12		GSC	ERR: 0.006, COMP=GSC 5482-1347	No		G				VX HYA		STD		
2453799.72700	11.172000	0.006000		V	DKS		12		GSC	ERR: 0.006, COMP=GSC 5482-1347	No		G				VX HYA		STD		
2453799.72840	11.183000	0.006000		V	DKS		12		GSC	ERR: 0.006, COMP=GSC 5482-1347	No		G				VX HYA		STD		
2453799.72990	11.190000	0.006000		V	DKS		12		GSC	ERR: 0.006, COMP=GSC 5482-1347	No		G				VX HYA		STD		
2453799.73130	11.190000	0.006000		V	DKS		12		GSC	ERR: 0.006, COMP=GSC 5482-1347	No		G				VX HYA		STD		
2453799.73270	11.183000	0.006000		V	DKS		12		GSC	ERR: 0.006, COMP=GSC 5482-1347	No		G				VX HYA		STD		
2453799.73410	11.194000	0.006000		V	DKS		12		GSC	ERR: 0.006, COMP=GSC 5482-1347	No		G				VX HYA		STD		
2453799.73550	11.203000	0.006000		V	DKS		12		GSC	ERR: 0.006, COMP=GSC 5482-1347	No		G				VX HYA		STD		
2453799.73700	11.217000	0.006000		V	DKS		12		GSC	ERR: 0.006, COMP=GSC 5482-1347	No		G				VX HYA		STD		
2453799.73840	11.205000	0.006000		V	DKS		12		GSC	ERR: 0.006, COMP=GSC 5482-1347	No		G				VX HYA		STD		
2453799.73980	11.201000	0.006000		V	DKS		12		GSC	ERR: 0.006, COMP=GSC 5482-1347	No		G				VX HYA		STD		
2453799.74120	11.231000	0.006000		V	DKS		12		GSC	ERR: 0.006, COMP=GSC 5482-1347	No		G				VX HYA		STD		
2453799.74260	11.234000	0.006000		V	DKS		12		GSC	ERR: 0.006, COMP=GSC 5482-1347	No		G				VX HYA		STD		
2453799.74400	11.232000	0.006000		V	DKS		12		GSC	ERR: 0.006, COMP=GSC 5482-1347	No		G				VX HYA		STD		
2453799.74550	11.234000	0.006000		V	DKS		12		GSC	ERR: 0.006, COMP=GSC 5482-1347	No		G				VX HYA		STD		
2453799.74690	11.241000	0.006000		V	DKS		12		GSC	ERR: 0.006, COMP=GSC 5482-1347	No		G				VX HYA		STD		
2453799.74830	11.241000	0.006000		V	DKS		12		GSC	ERR: 0.006, COMP=GSC 5482-1347	No		G				VX HYA		STD		
2453799.74970	11.258000	0.006000		V	DKS		12		GSC	ERR: 0.006, COMP=GSC 5482-1347	No		G				VX HYA		STD		
2453799.75110	11.250000	0.006000		V	DKS		12		GSC	ERR: 0.006, COMP=GSC 5482-1347	No		G				VX HYA		STD		
2453799.75250	11.253000	0.006000		V	DKS		12		GSC	ERR: 0.006, COMP=GSC 5482-1347	No		G				VX HYA		STD		
2453799.75400	11.258000	0.006000		V	DKS		12		GSC	ERR: 0.006, COMP=GSC 5482-1347	No		G				VX HYA		STD		
2453799.75540	11.271000	0.006000		V	DKS		12		GSC	ERR: 0.006, COMP=GSC 5482-1347	No		G				VX HYA		STD		
2453799.75680	11.261000	0.006000		V	DKS		12		GSC	ERR: 0.006, COMP=GSC 5482-1347	No		G				VX HYA		STD		
2453799.75820	11.269000	0.006000		V	DKS		12		GSC	ERR: 0.006, COMP=GSC 5482-1347	No		G				VX HYA		STD		
2453799.75960	11.259000	0.006000		V	DKS		12		GSC	ERR: 0.006, COMP=GSC 5482-1347	No		G				VX HYA		STD		
2453799.76100	11.278000	0.006000		V	DKS		12		GSC	ERR: 0.006, COMP=GSC 5482-1347	No		G				VX HYA		STD		
2453799.76250	11.297000	0.006000		V	DKS		12		GSC	ERR: 0.006, COMP=GSC 5482-1347	No		G				VX HYA		STD		
2453799.76390	11.279000	0.006000		V	DKS		12		GSC	ERR: 0.006, COMP=GSC 5482-1347	No		G				VX HYA		STD		
2453799.76530	11.286000	0.006000		V	DKS		12		GSC	ERR: 0.006, COMP=GSC 5482-1347	No		G				VX HYA		STD		
2453799.76670	11.289000	0.006000		V	DKS		12		GSC	ERR: 0.006, COMP=GSC 5482-1347	No		G				VX HYA		STD		
2453799.76810	11.278000	0.006000		V	DKS		12		GSC	ERR: 0.006, COMP=GSC 5482-1347	No		G				VX HYA		STD		
2453799.76960	11.294000	0.006000		V	DKS		12		GSC	ERR: 0.006, COMP=GSC 5482-1347	No		G				VX HYA		STD		
2453799.77100	11.277000	0.006000		V	DKS		12		GSC	ERR: 0.006, COMP=GSC 5482-1347	No		G				VX HYA		STD		
2453799.77240	11.289000	0.006000		V	DKS		12		GSC	ERR: 0.006, COMP=GSC 5482-1347	No		G				VX HYA		STD		
2453799.77380	11.290000	0.006000		V	DKS		12		GSC	ERR: 0.006, COMP=GSC 5482-1347	No		G				VX HYA		STD		
2453799.77520	11.282000	0.006000		V	DKS		12		GSC	ERR: 0.006, COMP=GSC 5482-1347	No		G				VX HYA		STD		
2453799.77670	11.291000	0.006000		V	DKS		12		GSC	ERR: 0.006, COMP=GSC 5482-1347	No		G				VX HYA		STD		
2453799.77810	11.281000	0.006000		V	DKS		12		GSC	ERR: 0.006, COMP=GSC 5482-1347	No		G				VX HYA		STD		
2453799.77950	11.280000	0.006000		V	DKS		12		GSC	ERR: 0.006, COMP=GSC 5482-1347	No		G				VX HYA		STD		
2453799.78090	11.284000	0.006000		V	DKS		12		GSC	ERR: 0.006, COMP=GSC 5482-1347	No		G				VX HYA		STD		
2453799.78230	11.282000	0.006000		V	DKS		12		GSC	ERR: 0.006, COMP=GSC 5482-1347	No		G				VX HYA		STD		
2453799.78370	11.278000	0.006000		V	DKS		12		GSC	ERR: 0.006, COMP=GSC 5482-1347	No		G				VX HYA		STD		
2453799.78520	11.294000	0.006000		V	DKS		12		GSC	ERR: 0.006, COMP=GSC 5482-1347	No		G				VX HYA		STD		
2453799.78660	11.262000	0.006000		V	DKS		12		GSC	ERR: 0.006, COMP=GSC 5482-1347	No		G				VX HYA		STD		
2453799.78800	11.258000	0.006000		V	DKS		12		GSC	ERR: 0.006, COMP=GSC 5482-1347	No		G				VX HYA		STD		
2453799.78940	11.268000	0.006000		V	DKS		12		GSC	ERR: 0.006, COMP=GSC 5482-1347	No		G				VX HYA		STD		
2453799.79080	11.255000	0.006000		V	DKS		12		GSC	ERR: 0.006, COMP=GSC 5482-1347	No		G				VX HYA		STD		
2453799.79220	11.253000	0.006000		V	DKS		12		GSC	ERR: 0.006, COMP=GSC 5482-1347	No		G				VX HYA		STD		
2453799.79370	11.243000	0.006000		V	DKS		12		GSC	ERR: 0.006, COMP=GSC 5482-1347	No		G				VX HYA		STD		
2453799.79510	11.228000	0.006000		V	DKS		12		GSC	ERR: 0.006, COMP=GSC 5482-1347	No		G				VX HYA		STD		
2453799.79650	11.230000	0.006000		V	DKS		12		GSC	ERR: 0.006, COMP=GSC 5482-1347	No		G				VX HYA		STD		
2453799.79790	11.219000	0.006000		V	DKS		12		GSC	ERR: 0.006, COMP=GSC 5482-1347	No		G				VX HYA		STD		
2453799.79930	11.210000	0.006000		V	DKS		12		GSC	ERR: 0.006, COMP=GSC 5482-1347	No		G				VX HYA		STD		
2453799.80070	11.183000	0.006000		V	DKS		12		GSC	ERR: 0.006, COMP=GSC 5482-1347	No		G				VX HYA		STD		
2453799.80220	11.174000	0.006000		V	DKS		12		GSC	ERR: 0.006, COMP=GSC 5482-1347	No		G				VX HYA		STD		
2453799.80360	11.146000	0.006000		V	DKS		12		GSC	ERR: 0.006, COMP=GSC 5482-1347	No		G				VX HYA		STD		
2453799.80500	11.135000	0.006000		V	DKS		12		GSC	ERR: 0.006, COMP=GSC 5482-1347	No		G				VX HYA		STD		
2453799.80640	11.110000	0.006000		V	DKS		12		GSC	ERR: 0.006, COMP=GSC 5482-1347	No		G				VX HYA		STD		
2453799.80780	11.092000	0.006000		V	DKS		12		GSC	ERR: 0.006, COMP=GSC 5482-1347	No		G				VX HYA		STD		
2453799.80930	11.062000	0.006000		V	DKS		12		GSC	ERR: 0.006, COMP=GSC 5482-1347	No		G				VX HYA		STD		
2453799.81070	11.040000	0.006000		V	DKS		12		GSC	ERR: 0.006, COMP=GSC 5482-1347	No		G				VX HYA		STD		
2453799.81210	11.015000	0.006000		V	DKS		12		GSC	ERR: 0.006, COMP=GSC 5482-1347	No		G				VX HYA		STD		
2453799.81350	10.955000	0.006000		V	DKS		12		GSC	ERR: 0.006, COMP=GSC 5482-1347	No		G				VX HYA		STD		
2453799.81490	10.950000	0.006000		V	DKS		12		GSC	ERR: 0.006, COMP=GSC 5482-1347	No		G				VX HYA		STD		
2453799.81630	10.915000	0.006000		V	DKS		12		GSC	ERR: 0.006, COMP=GSC 5482-1347	No		G				VX HYA		STD		
2453799.81780	10.889000	0.006000		V	DKS		12		GSC	ERR: 0.006, COMP=GSC 5482-1347	No		G				VX HYA		STD		
2453799.81920	10.857000	0.006000		V	DKS		12		GSC	ERR: 0.006, COMP=GSC 5482-1347	No		G				VX HYA		STD		
2453800.54860	10.883000	0.006000		V	DKS		12		GSC	ERR: 0.006, COMP=GSC 5482-1347	No		G				VX HYA		STD		
2453800.55000	10.903000	0.006000		V	DKS		12		GSC	ERR: 0.006, COMP=GSC 5482-1347	No		G				VX HYA		STD		
2453800.55140	10.903000	0.006000		V	DKS		12		GSC	ERR: 0.006, COMP=GSC 5482-1347	No		G				VX HYA		STD		
2453800.55280	10.922000	0.006000		V	DKS		12		GSC	ERR: 0.006, COMP=GSC 5482-1347	No		G				VX HYA		STD		
2453800.55430	10.925000	0.006000		V	DKS		12		GSC	ERR: 0.006, COMP=GSC 5482-1347	No		G				VX HYA		STD		
2453800.55570	10.937000	0.006000		V	DKS		12		GSC	ERR: 0.006, COMP=GSC 5482-1347	No		G				VX HYA		STD		
2453800.55710	10.959000	0.006000		V	DKS		12		GSC	ERR: 0.006, COMP=GSC 5482-1347	No		G				VX HYA		STD		
2453800.55850	10.954000	0.006000		V	DKS		12		GSC	ERR: 0.006, COMP=GSC 5482-1347	No		G				VX HYA		STD		
2453800.55990	10.964000	0.006000		V	DKS		12		GSC	ERR: 0.006, COMP=GSC 5482-1347	No		G				VX HYA		STD		
2453800.56130	10.964000	0.006000		V	DKS		12		GSC	ERR: 0.006, COMP=GSC 5482-1347	No		G				VX HYA		STD		
2453800.56280	11.003000	0.006000		V	DKS		12		GSC	ERR: 0.006, COMP=GSC 5482-1347	No		G				VX HYA		STD		
2453800.56420	10.995000	0.006000		V	DKS		12		GSC	ERR: 0.006, COMP=GSC 5482-1347	No		G				VX HYA		STD		
2453800.56560	11.002000	0.006000		V	DKS		12		GSC	ERR: 0.006, COMP=GSC 5482-1347	No		G				VX HYA		STD		
2453800.56700	11.024000	0.006000		V	DKS		12		GSC	ERR: 0.006, COMP=GSC 5482-1347	No		G				VX HYA		STD		
2453800.56840	11.020000	0.006000		V	DKS		12		GSC	ERR: 0.006, COMP=GSC 5482-1347	No		G				VX HYA		STD		
2453800.56980	11.023000	0.006000		V	DKS		12		GSC	ERR: 0.006, COMP=GSC 5482-1347	No		G				VX HYA		STD		
2453800.57130	11.043000	0.006000		V	DKS		12		GSC	ERR: 0.006, COMP=GSC 5482-1347	No		G				VX HYA		STD		
2453800.57270	11.050000	0.006000		V	DKS		12		GSC	ERR: 0.006, COMP=GSC 5482-1347	No		G				VX HYA		STD		
2453800.57410	11.065000	0.005000		V	DKS		12		GSC	ERR: 0.005, COMP=GSC 5482-1347	No		G				VX HYA		STD		
2453800.57550	11.058000	0.005000		V	DKS		12		GSC	ERR: 0.005, COMP=GSC 5482-1347	No		G				VX HYA		STD		
2453800.57690	11.065000	0.005000		V	DKS		12		GSC	ERR: 0.005, COMP=GSC 5482-1347	No		G				VX HYA		STD		
2453800.57840	11.074000	0.005000		V	DKS		12		GSC	ERR: 0.005, COMP=GSC 5482-1347	No		G				VX HYA		STD		
2453800.57980	11.075000	0.005000		V	DKS		12		GSC	ERR: 0.005, COMP=GSC 5482-1347	No		G				VX HYA		STD		
2453800.58120	11.080000	0.005000		V	DKS		12		GSC	ERR: 0.005, COMP=GSC 5482-1347	No		G				VX HYA		STD		
2453800.58260	11.086000	0.005000		V	DKS		12		GSC	ERR: 0.005, COMP=GSC 5482-1347	No		G				VX HYA		STD		
2453800.58400	11.083000	0.005000		V	DKS		12		GSC	ERR: 0.005, COMP=GSC 5482-1347	No		G				VX HYA		STD		
2453800.58540	11.095000	0.005000		V	DKS		12		GSC	ERR: 0.005, COMP=GSC 5482-1347	No		G				VX HYA		STD		
2453800.58690	11.102000	0.005000		V	DKS		12		GSC	ERR: 0.005, COMP=GSC 5482-1347	No		G				VX HYA		STD		
2453800.58830	11.101000	0.005000		V	DKS		12		GSC	ERR: 0.005, COMP=GSC 5482-1347	No		G				VX HYA		STD		
2453800.58970	11.108000	0.005000		V	DKS		12		GSC	ERR: 0.005, COMP=GSC 5482-1347	No		G				VX HYA		STD		
2453800.59110	11.112000	0.005000		V	DKS		12		GSC	ERR: 0.005, COMP=GSC 5482-1347	No		G				VX HYA		STD		
2453800.59250	11.127000	0.005000		V	DKS		12		GSC	ERR: 0.005, COMP=GSC 5482-1347	No		G				VX HYA		STD		
2453800.59390	11.115000	0.005000		V	DKS		12		GSC	ERR: 0.005, COMP=GSC 5482-1347	No		G				VX HYA		STD		
2453800.59540	11.125000	0.005000		V	DKS		12		GSC	ERR: 0.005, COMP=GSC 5482-1347	No		G				VX HYA		STD		
2453800.59680	11.123000	0.005000		V	DKS		12		GSC	ERR: 0.005, COMP=GSC 5482-1347	No		G				VX HYA		STD		
2453800.59820	11.140000	0.005000		V	DKS		12		GSC	ERR: 0.005, COMP=GSC 5482-1347	No		G				VX HYA		STD		
2453800.59960	11.149000	0.005000		V	DKS		12		GSC	ERR: 0.005, COMP=GSC 5482-1347	No		G				VX HYA		STD		
2453800.60100	11.150000	0.005000		V	DKS		12		GSC	ERR: 0.005, COMP=GSC 5482-1347	No		G				VX HYA		STD		
2453800.60250	11.148000	0.005000		V	DKS		12		GSC	ERR: 0.005, COMP=GSC 5482-1347	No		G				VX HYA		STD		
2453800.60390	11.148000	0.005000		V	DKS		12		GSC	ERR: 0.005, COMP=GSC 5482-1347	No		G				VX HYA		STD		
2453800.60530	11.154000	0.005000		V	DKS		12		GSC	ERR: 0.005, COMP=GSC 5482-1347	No		G				VX HYA		STD		
2453800.60670	11.159000	0.005000		V	DKS		12		GSC	ERR: 0.005, COMP=GSC 5482-1347	No		G				VX HYA		STD		
2453800.60810	11.158000	0.005000		V	DKS		12		GSC	ERR: 0.005, COMP=GSC 5482-1347	No		G				VX HYA		STD		
2453800.60950	11.159000	0.005000		V	DKS		12		GSC	ERR: 0.005, COMP=GSC 5482-1347	No		G				VX HYA		STD		
2453800.61100	11.174000	0.005000		V	DKS		12		GSC	ERR: 0.005, COMP=GSC 5482-1347	No		G				VX HYA		STD		
2453800.61240	11.169000	0.005000		V	DKS		12		GSC	ERR: 0.005, COMP=GSC 5482-1347	No		G				VX HYA		STD		
2453800.61380	11.187000	0.005000		V	DKS		12		GSC	ERR: 0.005, COMP=GSC 5482-1347	No		G				VX HYA		STD		
2453800.61520	11.198000	0.005000		V	DKS		12		GSC	ERR: 0.005, COMP=GSC 5482-1347	No		G				VX HYA		STD		
2453800.61660	11.196000	0.005000		V	DKS		12		GSC	ERR: 0.005, COMP=GSC 5482-1347	No		G				VX HYA		STD		
2453800.61800	11.200000	0.005000		V	DKS		12		GSC	ERR: 0.005, COMP=GSC 5482-1347	No		G				VX HYA		STD		
2453800.61950	11.201000	0.005000		V	DKS		12		GSC	ERR: 0.005, COMP=GSC 5482-1347	No		G				VX HYA		STD		
2453800.62090	11.201000	0.005000		V	DKS		12		GSC	ERR: 0.005, COMP=GSC 5482-1347	No		G				VX HYA		STD		
2453800.62230	11.207000	0.005000		V	DKS		12		GSC	ERR: 0.005, COMP=GSC 5482-1347	No		G				VX HYA		STD		
2453800.62370	11.221000	0.005000		V	DKS		12		GSC	ERR: 0.005, COMP=GSC 5482-1347	No		G				VX HYA		STD		
2453800.62510	11.222000	0.005000		V	DKS		12		GSC	ERR: 0.005, COMP=GSC 5482-1347	No		G				VX HYA		STD		
2453800.62650	11.213000	0.005000		V	DKS		12		GSC	ERR: 0.005, COMP=GSC 5482-1347	No		G				VX HYA		STD		
2453800.62800	11.236000	0.005000		V	DKS		12		GSC	ERR: 0.005, COMP=GSC 5482-1347	No		G				VX HYA		STD		
2453800.62940	11.231000	0.005000		V	DKS		12		GSC	ERR: 0.005, COMP=GSC 5482-1347	No		G				VX HYA		STD		
2453800.63080	11.228000	0.005000		V	DKS		12		GSC	ERR: 0.005, COMP=GSC 5482-1347	No		G				VX HYA		STD		
2453800.63220	11.231000	0.005000		V	DKS		12		GSC	ERR: 0.005, COMP=GSC 5482-1347	No		G				VX HYA		STD		
2453800.63360	11.238000	0.005000		V	DKS		12		GSC	ERR: 0.005, COMP=GSC 5482-1347	No		G				VX HYA		STD		
2453800.63500	11.232000	0.005000		V	DKS		12		GSC	ERR: 0.005, COMP=GSC 5482-1347	No		G				VX HYA		STD		
2453800.63650	11.238000	0.005000		V	DKS		12		GSC	ERR: 0.005, COMP=GSC 5482-1347	No		G				VX HYA		STD		
2453800.63790	11.252000	0.005000		V	DKS		12		GSC	ERR: 0.005, COMP=GSC 5482-1347	No		G				VX HYA		STD		
2453800.63930	11.253000	0.005000		V	DKS		12		GSC	ERR: 0.005, COMP=GSC 5482-1347	No		G				VX HYA		STD		
2453800.64070	11.264000	0.005000		V	DKS		12		GSC	ERR: 0.005, COMP=GSC 5482-1347	No		G				VX HYA		STD		
2453800.64210	11.262000	0.005000		V	DKS		12		GSC	ERR: 0.005, COMP=GSC 5482-1347	No		G				VX HYA		STD		
2453800.64350	11.261000	0.005000		V	DKS		12		GSC	ERR: 0.005, COMP=GSC 5482-1347	No		G				VX HYA		STD		
2453800.64500	11.265000	0.005000		V	DKS		12		GSC	ERR: 0.005, COMP=GSC 5482-1347	No		G				VX HYA		STD		
2453800.64640	11.275000	0.005000		V	DKS		12		GSC	ERR: 0.005, COMP=GSC 5482-1347	No		G				VX HYA		STD		
2453800.64780	11.264000	0.005000		V	DKS		12		GSC	ERR: 0.005, COMP=GSC 5482-1347	No		G				VX HYA		STD		
2453800.64920	11.258000	0.005000		V	DKS		12		GSC	ERR: 0.005, COMP=GSC 5482-1347	No		G				VX HYA		STD		
2453800.65060	11.266000	0.005000		V	DKS		12		GSC	ERR: 0.005, COMP=GSC 5482-1347	No		G				VX HYA		STD		
2453800.65210	11.272000	0.005000		V	DKS		12		GSC	ERR: 0.005, COMP=GSC 5482-1347	No		G				VX HYA		STD		
2453800.65350	11.255000	0.005000		V	DKS		12		GSC	ERR: 0.005, COMP=GSC 5482-1347	No		G				VX HYA		STD		
2453800.65490	11.263000	0.005000		V	DKS		12		GSC	ERR: 0.005, COMP=GSC 5482-1347	No		G				VX HYA		STD		
2453800.65630	11.265000	0.005000		V	DKS		12		GSC	ERR: 0.005, COMP=GSC 5482-1347	No		G				VX HYA		STD		
2453800.65770	11.265000	0.005000		V	DKS		12		GSC	ERR: 0.005, COMP=GSC 5482-1347	No		G				VX HYA		STD		
2453800.65920	11.263000	0.005000		V	DKS		12		GSC	ERR: 0.005, COMP=GSC 5482-1347	No		G				VX HYA		STD		
2453800.66060	11.262000	0.005000		V	DKS		12		GSC	ERR: 0.005, COMP=GSC 5482-1347	No		G				VX HYA		STD		
2453800.66200	11.269000	0.005000		V	DKS		12		GSC	ERR: 0.005, COMP=GSC 5482-1347	No		G				VX HYA		STD		
2453800.66340	11.255000	0.005000		V	DKS		12		GSC	ERR: 0.005, COMP=GSC 5482-1347	No		G				VX HYA		STD		
2453800.66480	11.251000	0.005000		V	DKS		12		GSC	ERR: 0.005, COMP=GSC 5482-1347	No		G				VX HYA		STD		
2453800.66620	11.255000	0.005000		V	DKS		12		GSC	ERR: 0.005, COMP=GSC 5482-1347	No		G				VX HYA		STD		
2453800.66770	11.252000	0.004000		V	DKS		12		GSC	ERR: 0.004, COMP=GSC 5482-1347	No		G				VX HYA		STD		
2453800.66910	11.236000	0.004000		V	DKS		12		GSC	ERR: 0.004, COMP=GSC 5482-1347	No		G				VX HYA		STD		
2453800.67050	11.228000	0.004000		V	DKS		12		GSC	ERR: 0.004, COMP=GSC 5482-1347	No		G				VX HYA		STD		
2453800.67190	11.215000	0.004000		V	DKS		12		GSC	ERR: 0.004, COMP=GSC 5482-1347	No		G				VX HYA		STD		
2453800.67330	11.209000	0.004000		V	DKS		12		GSC	ERR: 0.004, COMP=GSC 5482-1347	No		G				VX HYA		STD		
2453800.67470	11.204000	0.004000		V	DKS		12		GSC	ERR: 0.004, COMP=GSC 5482-1347	No		G				VX HYA		STD		
2453800.67620	11.182000	0.004000		V	DKS		12		GSC	ERR: 0.004, COMP=GSC 5482-1347	No		G				VX HYA		STD		
2453800.67760	11.176000	0.004000		V	DKS		12		GSC	ERR: 0.004, COMP=GSC 5482-1347	No		G				VX HYA		STD		
2453800.67900	11.157000	0.004000		V	DKS		12		GSC	ERR: 0.004, COMP=GSC 5482-1347	No		G				VX HYA		STD		
2453800.68040	11.142000	0.004000		V	DKS		12		GSC	ERR: 0.004, COMP=GSC 5482-1347	No		G				VX HYA		STD		
2453800.68180	11.144000	0.004000		V	DKS		12		GSC	ERR: 0.004, COMP=GSC 5482-1347	No		G				VX HYA		STD		
2453800.68320	11.124000	0.004000		V	DKS		12		GSC	ERR: 0.004, COMP=GSC 5482-1347	No		G				VX HYA		STD		
2453800.68470	11.093000	0.004000		V	DKS		12		GSC	ERR: 0.004, COMP=GSC 5482-1347	No		G				VX HYA		STD		
2453800.68610	11.075000	0.004000		V	DKS		12		GSC	ERR: 0.004, COMP=GSC 5482-1347	No		G				VX HYA		STD		
2453800.68750	11.059000	0.004000		V	DKS		12		GSC	ERR: 0.004, COMP=GSC 5482-1347	No		G				VX HYA		STD		
2453800.68890	11.039000	0.004000		V	DKS		12		GSC	ERR: 0.004, COMP=GSC 5482-1347	No		G				VX HYA		STD		
2453800.69030	11.014000	0.004000		V	DKS		12		GSC	ERR: 0.004, COMP=GSC 5482-1347	No		G				VX HYA		STD		
2453800.69180	10.989000	0.004000		V	DKS		12		GSC	ERR: 0.004, COMP=GSC 5482-1347	No		G				VX HYA		STD		
2453800.69320	10.963000	0.004000		V	DKS		12		GSC	ERR: 0.004, COMP=GSC 5482-1347	No		G				VX HYA		STD		
2453800.69460	10.949000	0.004000		V	DKS		12		GSC	ERR: 0.004, COMP=GSC 5482-1347	No		G				VX HYA		STD		
2453800.69600	10.932000	0.004000		V	DKS		12		GSC	ERR: 0.004, COMP=GSC 5482-1347	No		G				VX HYA		STD		
2453800.69740	10.895000	0.004000		V	DKS		12		GSC	ERR: 0.004, COMP=GSC 5482-1347	No		G				VX HYA		STD		
2453800.69880	10.872000	0.004000		V	DKS		12		GSC	ERR: 0.004, COMP=GSC 5482-1347	No		G				VX HYA		STD		
2453800.70030	10.869000	0.004000		V	DKS		12		GSC	ERR: 0.004, COMP=GSC 5482-1347	No		G				VX HYA		STD		
2453800.70170	10.856000	0.004000		V	DKS		12		GSC	ERR: 0.004, COMP=GSC 5482-1347	No		G				VX HYA		STD		
2453800.70310	10.818000	0.004000		V	DKS		12		GSC	ERR: 0.004, COMP=GSC 5482-1347	No		G				VX HYA		STD		
2453800.70450	10.809000	0.004000		V	DKS		12		GSC	ERR: 0.004, COMP=GSC 5482-1347	No		G				VX HYA		STD		
2453800.70590	10.799000	0.004000		V	DKS		12		GSC	ERR: 0.004, COMP=GSC 5482-1347	No		G				VX HYA		STD		
2453800.70730	10.778000	0.004000		V	DKS		12		GSC	ERR: 0.004, COMP=GSC 5482-1347	No		G				VX HYA		STD		
2453800.70880	10.781000	0.004000		V	DKS		12		GSC	ERR: 0.004, COMP=GSC 5482-1347	No		G				VX HYA		STD		
2453800.71020	10.777000	0.004000		V	DKS		12		GSC	ERR: 0.004, COMP=GSC 5482-1347	No		G				VX HYA		STD		
2453800.71160	10.768000	0.004000		V	DKS		12		GSC	ERR: 0.004, COMP=GSC 5482-1347	No		G				VX HYA		STD		
2453800.71300	10.757000	0.004000		V	DKS		12		GSC	ERR: 0.004, COMP=GSC 5482-1347	No		G				VX HYA		STD		
2453800.71440	10.773000	0.004000		V	DKS		12		GSC	ERR: 0.004, COMP=GSC 5482-1347	No		G				VX HYA		STD		
2453800.71590	10.769000	0.004000		V	DKS		12		GSC	ERR: 0.004, COMP=GSC 5482-1347	No		G				VX HYA		STD		
2453800.71730	10.765000	0.004000		V	DKS		12		GSC	ERR: 0.004, COMP=GSC 5482-1347	No		G				VX HYA		STD		
2453800.71870	10.780000	0.004000		V	DKS		12		GSC	ERR: 0.004, COMP=GSC 5482-1347	No		G				VX HYA		STD		
2453800.72010	10.769000	0.004000		V	DKS		12		GSC	ERR: 0.004, COMP=GSC 5482-1347	No		G				VX HYA		STD		
2453800.72150	10.782000	0.004000		V	DKS		12		GSC	ERR: 0.004, COMP=GSC 5482-1347	No		G				VX HYA		STD		
2453800.72290	10.782000	0.004000		V	DKS		12		GSC	ERR: 0.004, COMP=GSC 5482-1347	No		G				VX HYA		STD		
2453800.72440	10.792000	0.004000		V	DKS		12		GSC	ERR: 0.004, COMP=GSC 5482-1347	No		G				VX HYA		STD		
2453800.72580	10.791000	0.004000		V	DKS		12		GSC	ERR: 0.004, COMP=GSC 5482-1347	No		G				VX HYA		STD		
2453800.72720	10.797000	0.004000		V	DKS		12		GSC	ERR: 0.004, COMP=GSC 5482-1347	No		G				VX HYA		STD		
2453800.72860	10.807000	0.004000		V	DKS		12		GSC	ERR: 0.004, COMP=GSC 5482-1347	No		G				VX HYA		STD		
2453800.73000	10.810000	0.005000		V	DKS		12		GSC	ERR: 0.005, COMP=GSC 5482-1347	No		G				VX HYA		STD		
2453800.73140	10.813000	0.005000		V	DKS		12		GSC	ERR: 0.005, COMP=GSC 5482-1347	No		G				VX HYA		STD		
2453800.73290	10.824000	0.005000		V	DKS		12		GSC	ERR: 0.005, COMP=GSC 5482-1347	No		G				VX HYA		STD		
2453800.73430	10.832000	0.005000		V	DKS		12		GSC	ERR: 0.005, COMP=GSC 5482-1347	No		G				VX HYA		STD		
2453800.73570	10.832000	0.005000		V	DKS		12		GSC	ERR: 0.005, COMP=GSC 5482-1347	No		G				VX HYA		STD		
2453800.73710	10.846000	0.005000		V	DKS		12		GSC	ERR: 0.005, COMP=GSC 5482-1347	No		G				VX HYA		STD		
2453800.73850	10.850000	0.005000		V	DKS		12		GSC	ERR: 0.005, COMP=GSC 5482-1347	No		G				VX HYA		STD		
2453800.74000	10.851000	0.005000		V	DKS		12		GSC	ERR: 0.005, COMP=GSC 5482-1347	No		G				VX HYA		STD		
2453800.74140	10.867000	0.005000		V	DKS		12		GSC	ERR: 0.005, COMP=GSC 5482-1347	No		G				VX HYA		STD		
2453800.74280	10.889000	0.005000		V	DKS		12		GSC	ERR: 0.005, COMP=GSC 5482-1347	No		G				VX HYA		STD		
2453800.74420	10.880000	0.005000		V	DKS		12		GSC	ERR: 0.005, COMP=GSC 5482-1347	No		G				VX HYA		STD		
2453800.74560	10.901000	0.006000		V	DKS		12		GSC	ERR: 0.006, COMP=GSC 5482-1347	No		G				VX HYA		STD		
2453800.74700	10.895000	0.006000		V	DKS		12		GSC	ERR: 0.006, COMP=GSC 5482-1347	No		G				VX HYA		STD		
2453800.74850	10.907000	0.006000		V	DKS		12		GSC	ERR: 0.006, COMP=GSC 5482-1347	No		G				VX HYA		STD		
2453800.74990	10.936000	0.005000		V	DKS		12		GSC	ERR: 0.005, COMP=GSC 5482-1347	No		G				VX HYA		STD		
2453800.75130	10.932000	0.005000		V	DKS		12		GSC	ERR: 0.005, COMP=GSC 5482-1347	No		G				VX HYA		STD		
2453800.75270	10.930000	0.005000		V	DKS		12		GSC	ERR: 0.005, COMP=GSC 5482-1347	No		G				VX HYA		STD		
2453800.75410	10.949000	0.005000		V	DKS		12		GSC	ERR: 0.005, COMP=GSC 5482-1347	No		G				VX HYA		STD		
2453800.75560	10.948000	0.006000		V	DKS		12		GSC	ERR: 0.006, COMP=GSC 5482-1347	No		G				VX HYA		STD		
2453800.75700	10.970000	0.009000		V	DKS		12		GSC	ERR: 0.009, COMP=GSC 5482-1347	No		G				VX HYA		STD		
2453800.75840	10.928000	0.026000		V	DKS		12		GSC	ERR: 0.026, COMP=GSC 5482-1347	No		G				VX HYA		STD		
2453800.75980	10.975000	0.013000		V	DKS		12		GSC	ERR: 0.013, COMP=GSC 5482-1347	No		G				VX HYA		STD		
2453800.76480	11.031000	0.005000		V	DKS		12		GSC	ERR: 0.005, COMP=GSC 5482-1347	No		G				VX HYA		STD		
2453800.76620	11.026000	0.007000		V	DKS		12		GSC	ERR: 0.007, COMP=GSC 5482-1347	No		G				VX HYA		STD		
2453800.76760	11.043000	0.006000		V	DKS		12		GSC	ERR: 0.006, COMP=GSC 5482-1347	No		G				VX HYA		STD		
2453800.76900	11.060000	0.021000		V	DKS		12		GSC	ERR: 0.021, COMP=GSC 5482-1347	No		G				VX HYA		STD		
2453800.77050	11.109000	0.038000		V	DKS		12		GSC	ERR: 0.038, COMP=GSC 5482-1347	No		G				VX HYA		STD		
2453800.77190	11.074000	0.006000		V	DKS		12		GSC	ERR: 0.006, COMP=GSC 5482-1347	No		G				VX HYA		STD		
2453800.77330	11.075000	0.013000		V	DKS		12		GSC	ERR: 0.013, COMP=GSC 5482-1347	No		G				VX HYA		STD		
2453800.77470	11.080000	0.006000		V	DKS		12		GSC	ERR: 0.006, COMP=GSC 5482-1347	No		G				VX HYA		STD		
2453800.77610	11.100000	0.007000		V	DKS		12		GSC	ERR: 0.007, COMP=GSC 5482-1347	No		G				VX HYA		STD		
2453800.77750	11.126000	0.009000		V	DKS		12		GSC	ERR: 0.009, COMP=GSC 5482-1347	No		G				VX HYA		STD		
2453800.77900	11.103000	0.006000		V	DKS		12		GSC	ERR: 0.006, COMP=GSC 5482-1347	No		G				VX HYA		STD		
2453800.78040	11.115000	0.010000		V	DKS		12		GSC	ERR: 0.01, COMP=GSC 5482-1347	No		G				VX HYA		STD		
2453800.78180	11.118000	0.009000		V	DKS		12		GSC	ERR: 0.009, COMP=GSC 5482-1347	No		G				VX HYA		STD		
2453800.78320	11.122000	0.007000		V	DKS		12		GSC	ERR: 0.007, COMP=GSC 5482-1347	No		G				VX HYA		STD		
2453800.78460	11.127000	0.006000		V	DKS		12		GSC	ERR: 0.006, COMP=GSC 5482-1347	No		G				VX HYA		STD		
2453800.78600	11.135000	0.005000		V	DKS		12		GSC	ERR: 0.005, COMP=GSC 5482-1347	No		G				VX HYA		STD		
2453800.78750	11.144000	0.006000		V	DKS		12		GSC	ERR: 0.006, COMP=GSC 5482-1347	No		G				VX HYA		STD		
2453800.78890	11.149000	0.006000		V	DKS		12		GSC	ERR: 0.006, COMP=GSC 5482-1347	No		G				VX HYA		STD		
2453800.79030	11.165000	0.005000		V	DKS		12		GSC	ERR: 0.005, COMP=GSC 5482-1347	No		G				VX HYA		STD		
2453800.79170	11.154000	0.006000		V	DKS		12		GSC	ERR: 0.006, COMP=GSC 5482-1347	No		G				VX HYA		STD		
2453800.79310	11.169000	0.008000		V	DKS		12		GSC	ERR: 0.008, COMP=GSC 5482-1347	No		G				VX HYA		STD		
2453800.79460	11.164000	0.009000		V	DKS		12		GSC	ERR: 0.009, COMP=GSC 5482-1347	No		G				VX HYA		STD		
2453800.79600	11.159000	0.010000		V	DKS		12		GSC	ERR: 0.01, COMP=GSC 5482-1347	No		G				VX HYA		STD		
2453800.79740	11.168000	0.021000		V	DKS		12		GSC	ERR: 0.021, COMP=GSC 5482-1347	No		G				VX HYA		STD		
2453800.79880	11.195000	0.015000		V	DKS		12		GSC	ERR: 0.015, COMP=GSC 5482-1347	No		G				VX HYA		STD		
2453800.80020	11.182000	0.012000		V	DKS		12		GSC	ERR: 0.012, COMP=GSC 5482-1347	No		G				VX HYA		STD		
2453800.80160	11.201000	0.012000		V	DKS		12		GSC	ERR: 0.012, COMP=GSC 5482-1347	No		G				VX HYA		STD		
2453800.80310	11.170000	0.007000		V	DKS		12		GSC	ERR: 0.007, COMP=GSC 5482-1347	No		G				VX HYA		STD		
2453800.80450	11.208000	0.008000		V	DKS		12		GSC	ERR: 0.008, COMP=GSC 5482-1347	No		G				VX HYA		STD		
2453800.80730	11.193000	0.015000		V	DKS		12		GSC	ERR: 0.015, COMP=GSC 5482-1347	No		G				VX HYA		STD		
2453800.80870	11.216000	0.012000		V	DKS		12		GSC	ERR: 0.012, COMP=GSC 5482-1347	No		G				VX HYA		STD		
2453800.81010	11.210000	0.022000		V	DKS		12		GSC	ERR: 0.022, COMP=GSC 5482-1347	No		G				VX HYA		STD		
2453800.81300	11.174000	0.021000		V	DKS		12		GSC	ERR: 0.021, COMP=GSC 5482-1347	No		G				VX HYA		STD		
2453800.81870	11.207000	0.012000		V	DKS		12		GSC	ERR: 0.012, COMP=GSC 5482-1347	No		G				VX HYA		STD		
2453800.82010	11.218000	0.013000		V	DKS		12		GSC	ERR: 0.013, COMP=GSC 5482-1347	No		G				VX HYA		STD		
2453800.82150	11.204000	0.008000		V	DKS		12		GSC	ERR: 0.008, COMP=GSC 5482-1347	No		G				VX HYA		STD		
2453800.82290	11.191000	0.010000		V	DKS		12		GSC	ERR: 0.01, COMP=GSC 5482-1347	No		G				VX HYA		STD		
2453800.82430	11.239000	0.010000		V	DKS		12		GSC	ERR: 0.01, COMP=GSC 5482-1347	No		G				VX HYA		STD		
2453800.82570	11.208000	0.008000		V	DKS		12		GSC	ERR: 0.008, COMP=GSC 5482-1347	No		G				VX HYA		STD		
2453800.82720	11.209000	0.007000		V	DKS		12		GSC	ERR: 0.007, COMP=GSC 5482-1347	No		G				VX HYA		STD		
2453800.82860	11.223000	0.008000		V	DKS		12		GSC	ERR: 0.008, COMP=GSC 5482-1347	No		G				VX HYA		STD		
2453800.83000	11.215000	0.008000		V	DKS		12		GSC	ERR: 0.008, COMP=GSC 5482-1347	No		G				VX HYA		STD		
2453800.83140	11.213000	0.008000		V	DKS		12		GSC	ERR: 0.008, COMP=GSC 5482-1347	No		G				VX HYA		STD		
2453800.83280	11.207000	0.008000		V	DKS		12		GSC	ERR: 0.008, COMP=GSC 5482-1347	No		G				VX HYA		STD		
2453800.83570	11.215000	0.008000		V	DKS		12		GSC	ERR: 0.008, COMP=GSC 5482-1347	No		G				VX HYA		STD		
2453800.83710	11.226000	0.008000		V	DKS		12		GSC	ERR: 0.008, COMP=GSC 5482-1347	No		G				VX HYA		STD		
